<Shapes xmlns="http://www.evolus.vn/Namespace/Pencil"
    xmlns:p="http://www.evolus.vn/Namespace/Pencil"
    xmlns:svg="http://www.w3.org/2000/svg"
    xmlns:xlink="http://www.w3.org/1999/xlink"

    id="tamCD"
    displayName="TAM E/R &amp; Class Diagram"
    description="TAM Stencils for TAM Entity/Relationship &amp; Class Diagrams"
    author="Savio Dimatteo, Bernhard Groene"
    url="https://github.wdf.sap.corp/TAMusers/pencil-tam-stencils">

    <Properties>
    <PropertyGroup name="Text">
        <Property name="defaultTextFont" type="Font" displayName="Default Font">sans-serif|normal|normal|13px</Property>
        <Property name="defaultTextColor" type="Color" displayName="Default Text Color">#000000ff</Property>
        <Property name="defaultStrokeColor" type="Color" displayName="Default Stroke Color">#000000ff</Property>
        <Property name="defaultNodeStrokeStyle" type="StrokeStyle" displayName="Default Node Stroke Style">2|</Property>
        <Property name="defaultEdgeStrokeStyle" type="StrokeStyle" displayName="Default Edge Stroke Style">1|</Property>
        <Property name="defaultBackgroundColor" type="Color" displayName="Default Background Color">#FFFFFF</Property>
        <Property name="defaultCornerRadius" type="Enum" displayName="Default Corner Radius" p:enumValues="['10|10', '15|15', '20|20', '25|25', '30|30']">20</Property>
    </PropertyGroup>
</Properties>


    <Script>
        <![CDATA[
        // Old Versions

        // Common
        collection.calculateHorVertLinePoints  = function calculateHorVertLinePoints (p1, p2, c3, isHorizontal, alignType = "center", hasExtensionA = false, hasExtensionB = false, isExtADiagonal = false) {
    // calculate line points for a horizontal / vertical only routing
    // p1, p2: Start and End point
    // c3: Control point
    // isHorizontal: Main line horizontal (true) or vertical (false)
    // aligntype: start, center, end, control - only for straight lines (no elbows)
    // hasExtensionA, hasExtensionB: Elbow at start / end
    // isExtADiagonal: Allow extension A (start) to be diagonal
    // 
    //  Example: isHorizontal = true
    //  pStart x  (= p1)
    //         |    c3
    //      pa x----x----x pb  (this is the main line)
    //                   |
    //                   x pEnd (= p2)
    // range determines whether an ellbow will be inserted at all
    var range = 7.0;
    var p1x = parseFloat(p1.x);
    var p1y = parseFloat(p1.y);
    var p2x = parseFloat(p2.x);
    var p2y = parseFloat(p2.y);
    var c3x = parseFloat(c3.x);
    var c3y = parseFloat(c3.y);
    var pStart = { x: p1x, y: p1y } ;
    var pEnd = { x: p2x, y: p2y } ;

    var pa = { x: 0.0, y: 0.0 };
    var pb = { x: 0.0, y: 0.0 };
    var pd = { x: c3x,  y: c3y }; // diagonal case

    var hasExtA = hasExtensionA;
    var hasExtB = hasExtensionB;

    if (isHorizontal) {
        // horizontal line
        pa.x = p1x;
        pb.x = p2x;
        if ( (hasExtA || hasExtA) && p1x > p2x - 2 * range && p1x < p2x + 2 * range) {
            // although horizontal, the start- and endpoints imply a vertical line, if too close 
            hasExtA = false;
            hasExtB = false;
            pa.x = (p1x + p2x) / 2;
            pa.y = p1y;
            pb.x = pa.x;
            pb.y = p2y;
            return [pa, pb]; 
        }
        if (((hasExtA && hasExtB) || alignType == "control") && p1y > c3y - range && p1y < c3y + range) {
            // if c3 and p1 are too close (Y), it is not possible to draw an elbow
            hasExtA = false;
        }
        if (((hasExtA && hasExtB) || alignType == "control") && p2y > c3y - range && p2y < c3y + range) {
            // if c3 and p2 are too close (Y), it is not possible to draw an elbow
            hasExtB = false;
        }
        if (((hasExtA && !hasExtB) || (!hasExtA && hasExtB )) && p1y > p2y - range && p1y < p2y + range) {
            // one elbow 
            // check range: If too close, convert to a line
            // pa.x = p1x;
            pa.y = (p1y + p2y) / 2;
            // pb.x = p2x;
            pb.y = pa.y;
            return [pa, pb];     
        }
        if (hasExtA && !hasExtB) {
            // one elbow vertical from start
            pa.y = p2y;
            
            return [pStart, pa, pEnd]; 
        }
        if (!hasExtA && hasExtB) {
            // one elbow horizontal from start 
            pb.y = p1y;
            return [pStart, pb, pEnd]; 
        }
        if ((hasExtA && hasExtB) || alignType == "control") {
            // Control c3 defines x
            pa.y = c3y;
            pb.y = c3y;
        } else {
            // Aligntype defines y
            switch (alignType) {
            case "start":
                pa.y = p1y;
                pb.y = p1y;
                break;
            case "center":
                pa.y = p1y + (p2y-p1y)/2;
                pb.y = pa.y;
                break;
            case "end":
                pa.y = p2y;
                pb.y = p2y;
                break;
            } // switch aligntype
        }
    } else {
        // vertical line
        pa.y = p1y;
        pb.y = p2y;
        if ( (hasExtA || hasExtA) && p1y > p2y - 2 * range && p1y < p2y + 2 * range) {
            // although vertical, the start- and endpoints imply a horizontal line, if too close 
            hasExtA = false;
            hasExtB = false;
            pa.x = p1x;
            pa.y = (p1y + p2y) / 2;
            pb.x = p2x;
            pb.y = pa.y;
            return [pa, pb]; 
        }
        if (((hasExtA && hasExtB) || alignType == "control") && p1x > c3x - range && p1x < c3x + range) {
            // if c3 and p1 are too close (X), it is not possible to draw an elbow
            hasExtA = false;
        }
        if (((hasExtA && hasExtB) || alignType == "control") && p2x > c3x - range && p2x < c3x + range) {
            // if c3 and p2 are too close (X), it is not possible to draw an elbow
            hasExtB = false;
        }
        if (((hasExtA && !hasExtB) || (!hasExtA && hasExtB )) && p1x > p2x - range && p1x < p2x + range) {
            // one elbow 
            // check range: If too close, convert to a line
            pa.x = (p1x + p2x) / 2;
            //pa.y = p1y;
            pb.x = pa.x;
            //pb.y = p2y;
            return [pa, pb];     
        }
        if (hasExtA && !hasExtB) {
            // one elbow horizontal from start
            pa.x = p2x;
            return [pStart, pa, pEnd]; 
        }
        if (!hasExtA && hasExtB) {
            // one elbow vertical from start
            pb.x = p1x;
            return [pStart, pb, pEnd]; 
        }
        if ((hasExtA && hasExtB) || alignType == "control") {
            // Control c3 defines x
            pa.x = c3x;
            pb.x = c3x;
        } else {
            // Aligntype defines x
            switch (alignType) {
            case "start":
                pa.x = p1x;
                pb.x = p1x;
                break;
            case "center":
                pa.x = p1x + (p2x-p1x)/2;
                pb.x = pa.x;
                break;
            case "end":
                pa.x = p2x;
                pb.x = p2x;
                break;
            } // switch aligntype
        }
    }
    
    var aPoints = isExtADiagonal ? [pStart, pd, pb, pEnd] : (
        hasExtA ? (
            hasExtB ? [pStart, pa, pb, pEnd] : [pStart, pa, pb] 
            )
            : (hasExtB ? [pa, pb, pEnd] : [pa, pb] )
        );
    return aPoints;                                    
};
        collection.calculateHorVertControlConstraints  = function calculateHorVertControlConstraints (p1, p2, c3, isHorizontal, alignType = "center", hasExtensionA = false, hasExtensionB = false, isExtADiagonal = false) {
    // calculate line points for a horizontal / vertical only routing
    // p1, p2: Start and End point
    // c3: Control point
    // isHorizontal: Main line horizontal (true) or vertical (false)
    // aligntype: start, center, end, control - only for straight lines (no elbows)
    // hasExtensionA, hasExtensionB: Elbow at start / end
    // isExtADiagonal: Allow extension A (start) to be diagonal
    // 
    //  Example: isHorizontal = true
    //  pStart x  (= p1)
    //         |    c3
    //      pa x----x----x pb  (this is the main line)
    //                   |
    //                   x pEnd (= p2)
    // range determines whether an ellbow will be inserted at all
    // output:

    var range = 7.0;
    var p1x = parseFloat(p1.x);
    var p1y = parseFloat(p1.y);
    var p2x = parseFloat(p2.x);
    var p2y = parseFloat(p2.y);
    var c3x = parseFloat(c3.x);
    var c3y = parseFloat(c3.y);
    var cc = { inUse: true, x: c3x, y: c3y };

    var hasExtA = hasExtensionA;
    var hasExtB = hasExtensionB;
    if ((hasExtA && !hasExtB) || (!hasExtA && hasExtB )) {
        // one elbow 
        cc.inUse = false;
    }
if (isHorizontal) {
        // horizontal line
        if ( (hasExtA || hasExtA) && p1x > p2x - 2 * range && p1x < p2x + 2 * range) {
            // although horizontal, the start- and endpoints imply a vertical line, if too close 
            cc.inUse = false;
            cc.x = (p1x + p2x) / 2;
            return cc; 
        }
        if (((hasExtA && hasExtB) || alignType == "control") && p1y > c3y - range && p1y < c3y + range) {
            // if c3 and p1 are too close (Y), it is not possible to draw an elbow
            hasExtA = false;
        }
        if (((hasExtA && hasExtB) || alignType == "control") && p2y > c3y - range && p2y < c3y + range) {
            // if c3 and p2 are too close (Y), it is not possible to draw an elbow
            hasExtB = false;
        }
        if (((hasExtA && !hasExtB) || (!hasExtA && hasExtB )) && p1y > p2y - range && p1y < p2y + range) {
            // one elbow 
            // check range: If too close, convert to a line
            cc.y = (p1y + p2y) / 2;
            return cc;     
        }
        if (hasExtA && !hasExtB) {
            // one elbow vertical from start
            cc.y = p2y;
            return cc; 
        }
        if (!hasExtA && hasExtB) {
            // one elbow horizontal from start 
            cc.y = p1y;
            return cc; 
        }
        if ((hasExtA && hasExtB) || alignType == "control") {
            // Control c3 defines x
            cc.inUse = true;
            return cc; 
        } else {
            // Aligntype defines y
            switch (alignType) {
            case "start":
                cc.y = p1y;
                break;
            case "center":
                cc.y = (p1y + p2y) / 2;
                break;
            case "end":
                cc.y = p2y;
                break;
            } // switch aligntype
            cc.inUse = false;
            return cc; 
        }
    } else {
        // vertical line
        if ( (hasExtA || hasExtA) && p1y > p2y - 2 * range && p1y < p2y + 2 * range) {
            // although vertical, the start- and endpoints imply a horizontal line, if too close 
            cc.inUse = false;
            cc.y = (p1y + p2y) / 2;
            return cc; 
        }
        if (((hasExtA && hasExtB) || alignType == "control") && p1x > c3x - range && p1x < c3x + range) {
            // if c3 and p1 are too close (X), it is not possible to draw an elbow
            hasExtA = false;
        }
        if (((hasExtA && hasExtB) || alignType == "control") && p2x > c3x - range && p2x < c3x + range) {
            // if c3 and p2 are too close (X), it is not possible to draw an elbow
            hasExtB = false;
        }
        if (((hasExtA && !hasExtB) || (!hasExtA && hasExtB )) && p1x > p2x - range && p1x < p2x + range) {
            // one elbow 
            // check range: If too close, convert to a line
            cc.y = (p1x + p2x) / 2;
            return cc;     
        }
        if (hasExtA && !hasExtB) {
            // one elbow horizontal from start
            cc.x = p2x;
            return cc; 
        }
        if (!hasExtA && hasExtB) {
            // one elbow vertical from start
            cc.x = p1x;
            return cc; 
        }
        if ((hasExtA && hasExtB) || alignType == "control") {
            // Control c3 defines x
            cc.inUse = true;
            return cc; 
        } else {
            // Aligntype defines x
            switch (alignType) {
            case "start":
                cc.x = p1x;
                break;
            case "center":
                cc.x = (p1x + p2x) / 2;
                break;
            case "end":
                cc.x = p2x;
                break;
            } // switch aligntype
            cc.inUse = false;
            return cc; 
        }
    }
};
        collection.arrowheadCreateSVG = function arrowheadCreateSVG (arrowType) {
  /* global z L M Q*/
  var arrowHead = [];
  switch (arrowType) {
    case "none":
      // no arrowhead
      break;
    case "full":
      // closed arrowhead
      arrowHead.push(M(9,5));
      arrowHead.push(L(-1,0));
      arrowHead.push(L(9,-5));
      arrowHead.push(C(7,-2,  7,2,  9,5));
      arrowHead.push(z);
      break;
    case "open":
      // open arrowhead
      arrowHead.push(M(10,4.5));
      arrowHead.push(L(-1,0));
      arrowHead.push(L(10,-4.5));
      break;
    case "composition":
      // filled diamond
      arrowHead.push(M(9,5));
      arrowHead.push(L(-1,0));
      arrowHead.push(L(9,-5));
      arrowHead.push(L(17,0));
      arrowHead.push(z);
      break;
    case "aggregation":
      // open diamond
      arrowHead.push(M(9,5));
      arrowHead.push(L(-1,0));
      arrowHead.push(L(9,-5));
      arrowHead.push(L(17,0));
      arrowHead.push(z);
      break;
    case "specialization":
      // triangle
      arrowHead.push(M(15,8));
      arrowHead.push(L(-1,0));
      arrowHead.push(L(15,-8));
      arrowHead.push(z);
      break;
    default:
    arrowHead.push(M(9,5));
    arrowHead.push(L(-1,0));
    arrowHead.push(L(9,-5));
    arrowHead.push(C(7,-2,  7,2,  9,5));
    arrowHead.push(z);

  }
  return arrowHead;
};
        collection.arrowheadDetermineFill = function arrowheadDetermineFill (arrowType, strokeColor) {
  /* global z L M Q*/
  var arrowHeadFill = Color.fromString("transparent");
  switch (arrowType) {
    case "none":
      // no arrowhead
      break;
    case "full":
      // closed arrowhead
      arrowHeadFill = strokeColor;
      break;
    case "open":
      // open arrowhead
      break;
    case "composition":
      // filled diamond
      arrowHeadFill = strokeColor;
      break;
    case "aggregation":
      // open diamond
      arrowHeadFill = Color.fromString("#ffffffff")
      break;
    case "specialization":
      // triangle
      arrowHeadFill = Color.fromString("#ffffffff")
      break;
    default:

  }
  return arrowHeadFill;
};
        collection.createSVGLineThroughPoints = function createSVGLineThroughPoints (iPoints, bRounded, bClosed, iCornerRadius = 10) {
/**
 * Creates a coordinate path for the Path SVG element with rounded corners - only for rectangular shapes
 * @param iPoints  - An array of coordinates in the form [{x: Number, y: Number}, ...]
 * @param bRounded - Bool: is it rounded?
 * @param bClosed  - Bool: is shape closed?
 * @param iCornerRadius - Radius of corner rounding 
 */
    var collection = this;
    var line = [];

    if (iPoints.length < 2) {
        throw new Error("We need at least 2 points to create a line");
    }
    // remove duplicate points
    let aPoints = [];
    aPoints.push (iPoints[0]);
    let lastPoint = iPoints[0];
    for (let i=1; i < iPoints.length; i++){
        if (iPoints[i].x != lastPoint.x || iPoints[i].y != lastPoint.y ) {
            aPoints.push(iPoints[i]);
            lastPoint = iPoints[i];
        }
    }
    if (bRounded) {
        if (bClosed) {
            // append first point at the end to close the path
            aPoints.push(aPoints[0]);
        }

        aPoints.forEach(function (oPt, i, aPts) {
            var bFirstPoint = i === 0;
            var bLastPoint = i === aPts.length - 1;

            if (bFirstPoint) {
                // First point to process? Push first point (open) or start of next rounding (closed) as initial drawing point (M)
                let oMoveToPoint = bClosed
                    ? collection.getPointOnLine(oPt, aPts[i+1], iCornerRadius)
                    : oPt;

                line.push(M(oMoveToPoint.x, oMoveToPoint.y));
                return;
            }

            if (bLastPoint) {
                if (bClosed) {
                    let oPtCurveStart = collection.getPointOnLine(oPt, aPts[i-1], iCornerRadius);
                    let oPtCurveEnd = collection.getPointOnLine(oPt, aPts[1], iCornerRadius);

                    line.push(L(oPtCurveStart.x, oPtCurveStart.y));
                    line.push(Q(
                        oPt.x, oPt.y,
                        oPtCurveEnd.x, oPtCurveEnd.y
                    ));
                    return;
                }

                // not closed
                line.push(L(oPt.x, oPt.y));
                return;
            }

            let oPtCurveStart = collection.getPointOnLine(oPt, aPts[i-1], iCornerRadius);
            let oPtCurveEnd = collection.getPointOnLine(oPt, aPts[i+1], iCornerRadius);

            line.push(L(oPtCurveStart.x, oPtCurveStart.y));
            line.push(Q(
                oPt.x, oPt.y,
                oPtCurveEnd.x, oPtCurveEnd.y
            ));
        });
    } else {
        aPoints.forEach(function (oPt, i) {
            var bFirstPoint = i === 0;
            if (bFirstPoint) {
                line.push(M(oPt.x, oPt.y));
                return;
            }

            line.push(L(oPt.x, oPt.y));
        });
    }


    if (bClosed) {
        line.push(z);
    }

    return line;
};
        collection.getPointOnLine = function getPointOnLine (a, b, offset) {
    // finds a point on the segment between a and b (points) which is at
    // offset distance from a.

    function getPointCoordinates (a, b) {

        let ax, ay, bx, by;

        ay = a.y;
        by = b.y;
        ax = a.x;
        bx = b.x;
        return { ax, ay, bx, by };
    }

    function findPointDistance (a, b) {
        const x1 = a.x;
        const y1 = a.y;
        const x2 = b.x;
        const y2 = b.y;
        return Math.sqrt(Math.pow(x2 - x1, 2) + Math.pow(y2 - y1, 2));
    }

    const {
        ax,
        ay,
        bx,
        by
    } = getPointCoordinates(a, b);

    const R = findPointDistance(a, b);
    // if distance is smaller than double radius, limit to radius (and avoid division by zero as well...)
    const rR = R/2 > offset ? offset/R : 0.5;

    return {
        x : ax + ( bx - ax ) * rR,
        y : ay + ( by - ay ) * rR
    };
};

        ]]>
    </Script>
<!-- System ( invisible ) -->
    <Shape id="CDLineHorVert_V003" displayName="hor. / vert. Line" icon="icons/arrowVMulti.png" system="true">
      <Properties>
          <PropertyGroup name="Line">
              <Property name="BOOLlockArrowStyle" p:disabled="true" displayName="Prevent changing arrowhead" type="Bool">false</Property>
              <Property name="ENUMarrowStyleStart"  displayName="Arrow Style Start" p:disabled="$BOOLlockArrowStyle.value"
                  p:enumValues="['none|None', 'open|Open', 'aggregation|Aggregation', 'composition|Composition', 'specialization|Specialization']"
                  type="Enum">none</Property>
              <Property name="ENUMarrowStyleEnd"  displayName="Arrow Style End" p:disabled="$BOOLlockArrowStyle.value"
                  p:enumValues="['none|None', 'open|Open', 'aggregation|Aggregation', 'composition|Composition', 'specialization|Specialization']"
                  type="Enum">none</Property>
              <Property name="BOOLhasExtensionA"  displayName="Extension at Start"  type="Bool">true</Property>
              <Property name="BOOLallowDiagonalExtA" displayName="Allow Diagonal Extension at Start"  p:disabled="true" type="Bool">false</Property>
              <Property name="BOOLisExtADiagonal"  displayName="Diagonal Extension at Start" p:disabled="$BOOLallowDiagonalExtA.value == false || $BOOLhasExtensionA.value == false" type="Bool">false</Property>
              <Property name="BOOLhasExtensionB"  displayName="Extension at End"  type="Bool">true</Property>
              <Property name="BOOLisHorizontal" p:disabled="true" displayName="Horizontal" type="Bool">false</Property>
              <Property name="ENUMalignType"  displayName="Alignment" p:disabled="$BOOLhasExtensionA.value || $BOOLhasExtensionB.value"
                    p:enumValues="['start|Start', 'center|Center', 'end|End', 'control|Control']"
                    type="Enum">center</Property>
              <Property name="BOOLhasCardinalityStart" p:disabled="true" displayName="Cardinality at Start" type="Bool">true</Property>
              <Property name="BOOLhasCardinalityEnd" p:disabled="true" displayName="Cardinality at End" type="Bool">true</Property>
              <Property name="HNDLp1" p:connectTo="*" displayName="Begin" type="Handle">0,0</Property>
              <Property name="HNDLp2" p:connectTo="*" displayName="End" type="Handle">30,50</Property>
              <Property name="HNDLc3" displayName="Control" 
                  p:disabled="!collection.calculateHorVertControlConstraints($HNDLp1, $HNDLp2, $HNDLc3, $BOOLisHorizontal.value, $ENUMalignType.value, $BOOLhasExtensionA.value, $BOOLhasExtensionB.value, $BOOLisExtADiagonal.value).inUse"
                  p:minX="$BOOLisHorizontal.value ? Math.min($HNDLp1.x, $HNDLp2.x) : -9999" 
                  p:maxX="$BOOLisHorizontal.value ? Math.max($HNDLp1.x, $HNDLp2.x) :  9999"
                  p:minY="$BOOLisHorizontal.value ? -9999 : Math.min($HNDLp1.y, $HNDLp2.y)" 
                  p:maxY="$BOOLisHorizontal.value ?  9999 : Math.max($HNDLp1.y, $HNDLp2.y)"
                  type="Handle" >15,25</Property>
              <Property name="strokeColor" displayName="Line Color" type="Color"><E>$$defaultStrokeColor</E></Property>
              <Property name="strokeStyle" displayName="Line Style" type="StrokeStyle"><E>$$defaultEdgeStrokeStyle</E></Property>
          </PropertyGroup>
          <PropertyGroup name="Text">
              <Property name="ENUMtextArrowDirection"  displayName="Text Arrow"
                  p:enumValues="['none|None', 'start|to Start', 'end|to End']"
                  type="Enum">none</Property>
              <Property name="ENUMtextArrowOffset"  displayName="Text Arrow Offset"
                  p:enumValues="['10|10', '15|15', '20|20']"
                  type="Enum">15</Property>
              <Property name="HNDLtextPos" p:disabled="$TTXTtextContent.value.length == 0" displayName="Label Position" type="Handle">30,25</Property>
              <Property name="HNDLtextCSPos" p:disabled="$TTXTtextCSContent.value.length == 0 || $BOOLhasCardinalityStart.value == false" displayName="Card. Start Position" type="Handle"
                  p:minX="$HNDLp1.x-25" p:minY="$HNDLp1.y-25" p:maxX="$HNDLp1.x+25" p:maxY="$HNDLp1.y+25">20,5</Property>
              <Property name="HNDLtextCEPos" p:disabled="$TTXTtextCEContent.value.length == 0 || $BOOLhasCardinalityEnd.value == false" displayName="Card. End Position" type="Handle"
                  p:minX="$HNDLp2.x-25" p:minY="$HNDLp2.y-25" p:maxX="$HNDLp2.x+25" p:maxY="$HNDLp2.y+25">20,45</Property>
              <Property name="TTXTtextContent" displayName="Label"
                  p:editInfo="var targetBox = F.getObjectBoundingBox('text'); var sizeBox = F.textSize('text'); var newBox = new Bound(targetBox.x, targetBox.y + ((sizeBox.h / 2) - 10), Math.sqrt((sizeBox.w * sizeBox.w) + (sizeBox.h * sizeBox.h)) + 10 , 20); ({targetName: 'text', bound: newBox , font: $textFont, align: $ALGNtextAlignment, multi: true})"
                  type="PlainText" />
              <Property name="TTXTtextCSContent" displayName="Cardinality Start" p:disabled="$BOOLhasCardinalityStart.value == false ||  $ENUMarrowStyleStart == 'specialization' || $ENUMarrowStyleEnd == 'specialization'"
                  p:editInfo="var targetBox = F.getObjectBoundingBox('textCS'); var sizeBox = F.textSize('text'); var newBox = new Bound(targetBox.x, targetBox.y + ((sizeBox.h / 2) - 10), Math.sqrt((sizeBox.w * sizeBox.w) + (sizeBox.h * sizeBox.h)) + 10 , 20); ({targetName: 'text', bound: newBox , font: $textFont, align: $ALGNtextAlignment, multi: true})"
                  type="PlainText" />
              <Property name="TTXTtextCEContent" displayName="Cardinality End" p:disabled="$BOOLhasCardinalityEnd.value == false ||  $ENUMarrowStyleStart == 'specialization' || $ENUMarrowStyleEnd == 'specialization'"
                  p:editInfo="var targetBox = F.getObjectBoundingBox('textCE'); var sizeBox = F.textSize('text'); var newBox = new Bound(targetBox.x, targetBox.y + ((sizeBox.h / 2) - 10), Math.sqrt((sizeBox.w * sizeBox.w) + (sizeBox.h * sizeBox.h)) + 10 , 20); ({targetName: 'text', bound: newBox , font: $textFont, align: $ALGNtextAlignment, multi: true})"
                  type="PlainText" />
              <Property name="textColor" displayName="Text Color" type="Color"><E>$$defaultTextColor</E></Property>
              <Property name="textFont" displayName="Font" type="Font"><E>$$defaultTextFont</E></Property>
              <Property name="ALGNtextAlignment" displayName="Text Alignment" type="Alignment">0,1</Property>
          </PropertyGroup>
      </Properties>
      <Behaviors>
        <For ref="line">
          <D><![CDATA[
            var aPoints = collection.calculateHorVertLinePoints($HNDLp1, $HNDLp2, $HNDLc3, $BOOLisHorizontal.value, $ENUMalignType.value, $BOOLhasExtensionA.value, $BOOLhasExtensionB.value, $BOOLisExtADiagonal.value);
            var line = collection.createSVGLineThroughPoints(aPoints, true /*bRounded*/, false /*bClosed*/);
            line;
            ]]>
          </D>

            <StrokeColor>$strokeColor</StrokeColor>
            <StrokeStyle>$strokeStyle</StrokeStyle>
        </For>
        <For ref="lineGrip">
          <D><![CDATA[
            var aPoints = collection.calculateHorVertLinePoints($HNDLp1, $HNDLp2, $HNDLc3, $BOOLisHorizontal.value, $ENUMalignType.value, $BOOLhasExtensionA.value, $BOOLhasExtensionB.value, $BOOLisExtADiagonal.value);
            var line = collection.createSVGLineThroughPoints(aPoints, true /*bRounded*/, false /*bClosed*/);
            line;
            ]]>
          </D>
        </For>
        <For ref="ArrowStartPath">
          <Fill><![CDATA[
            var arrowHeadFill = collection.arrowheadDetermineFill($ENUMarrowStyleStart.value, $strokeColor);
            arrowHeadFill;
          ]]></Fill>
          <StrokeColor>$strokeColor</StrokeColor>
          <StrokeStyle>StrokeStyle.fromString("1.3|")</StrokeStyle>
          <D><![CDATA[
              var arrowHead = collection.arrowheadCreateSVG($ENUMarrowStyleStart.value);
              arrowHead;
          ]]></D>
          <Transform>[translate(1, 0), scale((parseFloat($strokeStyle.w)+2)/4, (parseFloat($strokeStyle.w)+2)/4)]</Transform>
          <Visibility>$ENUMarrowStyleStart.value != 'none'</Visibility>
        </For>
        <For ref="ArrowEndPath">
          <Fill><![CDATA[
            var arrowHeadFill = collection.arrowheadDetermineFill($ENUMarrowStyleEnd.value, $strokeColor);
            arrowHeadFill;
          ]]></Fill>
          <StrokeColor>$strokeColor</StrokeColor>
          <StrokeStyle>StrokeStyle.fromString("1.3|")</StrokeStyle>
          <D><![CDATA[
            var arrowHead = collection.arrowheadCreateSVG($ENUMarrowStyleEnd.value);
            arrowHead;
          ]]></D>
          <Transform>[rotate(180), translate(1, 0), scale((parseFloat($strokeStyle.w)+2)/4, (parseFloat($strokeStyle.w)+2)/4)]</Transform>
          <Visibility>$ENUMarrowStyleEnd.value != 'none'</Visibility>
        </For>

        <For ref="textArrow">
          <Fill>$textColor</Fill>
          <StrokeColor>$textColor</StrokeColor>
          <D><![CDATA[
              var arrowHead = collection.arrowheadCreateSVG('full');
              arrowHead;
          ]]></D>
          <Transform><![CDATA[
              // depends $HNDLtextPos, $TTXTtextContent
              var transform = [];
              var tx = 0.0;
              var ty = 0.0;
              var rot = 0;
              var bound = F.getObjectBoundingBox('text');
              if ($BOOLisHorizontal.value) {
                ty = bound.y + bound.h / 2;
                if (($ENUMtextArrowDirection.value == 'start' && $HNDLp2.x > $HNDLp1.x) || ($ENUMtextArrowDirection.value == 'end' && $HNDLp2.x < $HNDLp1.x)) {
                  // left <
                  tx = bound.x - $ENUMtextArrowOffset.value; 
                  rot = 0;
                } else {
                  // right >
                  tx = bound.x + bound.w + parseFloat($ENUMtextArrowOffset.value); 
                  rot = 180;
                }
              } else {
                // vertical
                tx = bound.x + bound.w / 2;
                if (($ENUMtextArrowDirection.value == 'start' && $HNDLp2.y > $HNDLp1.y) || ($ENUMtextArrowDirection.value == 'end' && $HNDLp2.y < $HNDLp1.y)) {
                  // up ^
                  ty = bound.y - $ENUMtextArrowOffset.value; 
                  rot = 90;
                } else {
                  // down v
                  ty = bound.y + bound.h + parseFloat($ENUMtextArrowOffset.value);
                  rot = -90;
                }
              }
              transform.push(translate(parseFloat($HNDLtextPos.x) - $ALGNtextAlignment.h * 150 + tx, parseFloat($HNDLtextPos.y) + ty));
              transform.push(rotate(rot));
              transform;
          ]]></Transform>
          <Visibility>$ENUMtextArrowDirection.value != "none"</Visibility>
        </For>

        <For ref="text">
            <DomContent>F.buildTextWrapDomContent(F._target, $TTXTtextContent.value, 300, $ALGNtextAlignment)</DomContent>
            <Font>$textFont</Font>
            <Color>$textColor</Color>
            <Transform>[translate(parseFloat($HNDLtextPos.x) - $ALGNtextAlignment.h * 150, $HNDLtextPos.y)]</Transform>
        </For>
        <For ref="textCS">
            <Visibility>$BOOLhasCardinalityStart.value  &amp;&amp; $ENUMarrowStyleStart != 'specialization' &amp;&amp; $ENUMarrowStyleEnd != 'specialization'</Visibility>
            <DomContent>F.buildTextWrapDomContent(F._target, $TTXTtextCSContent.value, 300, $ALGNtextAlignment)</DomContent>
            <Font>$textFont</Font>
            <Color>$textColor</Color>
            <Transform>[translate(parseFloat($HNDLtextCSPos.x) - $ALGNtextAlignment.h * 150, $HNDLtextCSPos.y)]</Transform>
        </For>
        <For ref="textCE">
            <Visibility>$BOOLhasCardinalityEnd.value  &amp;&amp; $ENUMarrowStyleStart != 'specialization' &amp;&amp; $ENUMarrowStyleEnd != 'specialization'</Visibility>
            <DomContent>F.buildTextWrapDomContent(F._target, $TTXTtextCEContent.value, 300, $ALGNtextAlignment)</DomContent>
            <Font>$textFont</Font>
            <Color>$textColor</Color>
            <Transform>[translate(parseFloat($HNDLtextCEPos.x) - $ALGNtextAlignment.h * 150, $HNDLtextCEPos.y)]</Transform>
        </For>
      </Behaviors>
      <Actions>
          <Action id="toggleHorVert" displayName="Toggle Horizontal / Vertical">
              <Impl>
                  var currentIsHorizontal = this.getProperty("BOOLisHorizontal");
                  this.setProperty("BOOLisHorizontal", new Bool(!currentIsHorizontal.value));
              </Impl>
          </Action>
          <Action id="centerTextPos" displayName="Move text block to center">
              <Impl>
                  var p1 = this.getProperty("HNDLp1");
                  var p2 = this.getProperty("HNDLp2");
                  var textPos = this.getProperty("HNDLtextPos");
                  textPos.x = (p1.x + p2.x) / 2;
                  textPos.y = (p1.y + p2.y) / 2;
                  this.setProperty("HNDLtextPos", textPos);
              </Impl>
          </Action>
      </Actions>
      <p:Content xmlns:p="http://www.evolus.vn/Namespace/Pencil"
                 xmlns:sodipodi="http://sodipodi.sourceforge.net/DTD/sodipodi-0.dtd"
                 xmlns="http://www.w3.org/2000/svg">
          <defs>
              <marker
                 id="ArrowEnd"
                 orient="auto"
                 refY="0.0"
                 refX="0.0"
                 style="overflow:visible;"
                 markerUnits="userSpaceOnUse">

                 <path
                    id="ArrowEndPath"
                    style="fill-rule:evenodd;stroke-linejoin:round;stroke:#000000;stroke-opacity:1;fill:#000000;fill-opacity:1"
                    />
              </marker>
              <marker
                 id="ArrowStart"
                 orient="auto"
                 refY="0.0"
                 refX="0.0"
                 style="overflow:visible;"
                 markerUnits="userSpaceOnUse">

                 <path
                    id="ArrowStartPath"
                    style="fill-rule:evenodd;stroke-linejoin:round;stroke:#000000;stroke-opacity:1;fill:#000000;fill-opacity:1"
                    />
              </marker>

           </defs>

          <path
             id="line"
             style="stroke-linejoin: round; "
             fill="none"
             marker-start = "url(#ArrowStart)"
             marker-end   = "url(#ArrowEnd)"
              />
          <path id="lineGrip" fill="none" style="stroke: rgba(0, 0, 0, 0); stroke-width: 10px;"/>

          <path id="textArrow" style="fill-rule:evenodd;stroke-width:0.5;stroke-linejoin:round;stroke:#000000;stroke-opacity:1;fill:#000000;fill-opacity:1"/>
          <text id="text"   xml:space="preserve"  />
          <text id="textCS" xml:space="preserve"  />
          <text id="textCE" xml:space="preserve"  />
      </p:Content>
  </Shape>

    
<!-- Main Shapes ( visible ) -->
    <Shape id="CDClass_V003" displayName="Class w/ compartments" icon="icons/class.png">
    <Properties>
        <PropertyGroup name="Class Properties">
            <Property name="box" type="Dimension">150,80</Property>
            <Property name="fillColor" displayName="Background Color" type="Color">#EEEEEEFF</Property>
            <Property name="strokeColor" displayName="Line Color" type="Color"><E>$$defaultStrokeColor</E></Property>
            <Property name="strokeStyle" displayName="Line Style" type="StrokeStyle"><E>$$defaultNodeStrokeStyle</E></Property>
            <Property name="TTXTclassname" displayName="Class Name"
              p:editInfo="({targetName: 'textClassName', bound: Bound.fromBox($box), font: $textFont, align: $ALGNtextAlignment, multi: true})" 
              type="PlainText" />
            <Property name="textColor" displayName="Text Color" type="Color"><E>$$defaultTextColor</E></Property>
            <Property name="textFont" displayName="Font" type="Font"><E>$$defaultTextFont</E></Property>
            <Property name="ALGNtextAlignment" displayName="Text Alignment" type="Alignment">1,1</Property>
        </PropertyGroup>
        <PropertyGroup name="Compartment Properties">
            <Property name="ENUMshowCompartments"  displayName="Show Compartments" 
                p:enumValues="['none|None', 'attr|Attributes only', 'all|All']"
                type="Enum">all</Property>
            <Property name="HNDLposClassCompASeparator" p:disabled="$ENUMshowCompartments.value == 'none'" 
              displayName="Separator Classname-Compartment A" 
              p:noScale="true"
              p:lockX="true" p:minY="20" p:maxY="$box.h"
              type="Handle">50,25</Property>
            <Property name="HNDLposCompACompMSeparator" p:disabled="$ENUMshowCompartments.value != 'all'" displayName="Separator Compartments A-M" 
              p:noScale="true"
              p:lockX="true" p:minY="30" p:maxY="$box.h"
              type="Handle">50,50</Property>
            <Property name="COLRcompFillColor" displayName="Background Color" type="Color"><E>$$defaultBackgroundColor</E></Property>
            <Property name="TTXTattributes" displayName="Attributes" p:disabled="$ENUMshowCompartments.value == 'none'"
              p:editInfo="({targetName: 'textAttributes', bound: Bound.fromBox($box), font: $textFont, align: $ALGNcompTextAlignment, multi: true})" 
              type="PlainText" />
            <Property name="TTXTmethods" displayName="Methods" p:disabled="$ENUMshowCompartments.value != 'all'"
              p:editInfo="({targetName: 'textMethods', bound: Bound.fromBox($box), font: $textFont, align: $ALGNcompTextAlignment, multi: true})" 
              type="PlainText" />
            <Property name="COLRcompTextColor" displayName="Text Color" type="Color"><E>$$defaultTextColor</E></Property>
            <Property name="FONTcompTextFont" displayName="Font" type="Font">Arial,sans-serif|normal|normal|11px</Property>
            <Property name="ALGNcompTextAlignment" displayName="Compartment Text Alignment" type="Alignment">0,0</Property>
        </PropertyGroup>
    </Properties>
    <Behaviors>
        <For ref="rect">
            <Box>$box</Box>
            <StrokeColor>$strokeColor</StrokeColor>
            <StrokeStyle>$strokeStyle</StrokeStyle>
            <Fill>$COLRcompFillColor</Fill>
        </For>
        <For ref="rectClassName">
            <Box>new Dimension($box.w, $ENUMshowCompartments.value == 'none' ? $box.h : $HNDLposClassCompASeparator.y)</Box>
            <Fill>$fillColor</Fill>
            <StrokeColor>$strokeColor</StrokeColor>
            <StrokeStyle>$strokeStyle</StrokeStyle>
        </For>
        <For ref="textClassName">
            <DomContent>F.buildTextWrapDomContent(F._target, $TTXTclassname.value, $box.w - $textFont.getPixelHeight(), $ALGNtextAlignment)</DomContent>
            <Font>$textFont</Font>
            <Fill>$textColor</Fill>
            <BoxFit>
                <Arg>new Bound(3, 3, $box.w - 6, $ENUMshowCompartments.value == 'none' ? $box.h - 6 : $HNDLposClassCompASeparator.y - 6)</Arg>
                <Arg>$ALGNtextAlignment</Arg>
            </BoxFit>
        </For>
        <For ref="separatorClassAttributes">
          <D>[M(0, $HNDLposClassCompASeparator.y), L($box.w, $HNDLposClassCompASeparator.y)]</D>
          <StrokeStyle>$strokeStyle</StrokeStyle>
          <StrokeColor>$strokeColor</StrokeColor>
          <Visibility>$ENUMshowCompartments.value != 'none'</Visibility>
        </For>
        <For ref="separatorAttributesMethods">
          <D>[M(0, $HNDLposCompACompMSeparator.y), L($box.w, $HNDLposCompACompMSeparator.y)]</D>
          <StrokeStyle>$strokeStyle</StrokeStyle>
          <StrokeColor>$strokeColor</StrokeColor>
          <Visibility>$ENUMshowCompartments.value == 'all'</Visibility>
        </For>
        <For ref="textAttributes">
            <DomContent>F.buildTextWrapDomContent(F._target, $TTXTattributes.value, $box.w - $textFont.getPixelHeight(), $ALGNcompTextAlignment)</DomContent>
            <Font>$FONTcompTextFont</Font>
            <Fill>$COLRcompTextColor</Fill>
            <BoxFit>
                <Arg>new Bound(5, $HNDLposClassCompASeparator.y, $box.w - 10, Math.abs(($ENUMshowCompartments.value == 'all' ? $HNDLposCompACompMSeparator.y : $box.h) - $HNDLposClassCompASeparator.y))</Arg>
                <Arg>$ALGNcompTextAlignment</Arg>
            </BoxFit>
            <Visibility>$ENUMshowCompartments.value != 'none'</Visibility>
        </For>
        <For ref="textMethods">
            <DomContent>F.buildTextWrapDomContent(F._target, $TTXTmethods.value, $box.w - $textFont.getPixelHeight(), $ALGNcompTextAlignment)</DomContent>
            <Font>$FONTcompTextFont</Font>
            <Fill>$COLRcompTextColor</Fill>
            <BoxFit>
                <Arg>new Bound(5, $HNDLposCompACompMSeparator.y, $box.w - 10, Math.abs($box.h - $HNDLposCompACompMSeparator.y))</Arg>
                <Arg>$ALGNcompTextAlignment</Arg>
            </BoxFit>
            <Visibility>$ENUMshowCompartments.value == 'all'</Visibility>
        </For>

    </Behaviors>
    <Actions>
        <Action id="getConnectorOutlets">
            <Impl>
                <![CDATA[
                  var box = this.getProperty("box");
                  return [
                    new Outlet("top-left", "Bounding", box.w / 4, 0),
                    new Outlet("top-center", "Bounding", box.w / 2, 0),
                    new Outlet("top-right", "Bounding", 3 * box.w / 4, 0),
                    new Outlet("left-top", "Bounding", 0, box.h / 4),
                    new Outlet("left-center", "Bounding", 0, box.h / 2),
                    new Outlet("left-bottom", "Bounding", 0, 3 * box.h / 4),
                    new Outlet("bottom-left", "Bounding",  box.w / 4, box.h),
                    new Outlet("bottom-center", "Bounding", box.w / 2, box.h),
                    new Outlet("bottom-right", "Bounding", 3 * box.w / 4, box.h),
                    new Outlet("right-top", "Bounding", box.w, box.h / 4),
                    new Outlet("right-center", "Bounding", box.w, box.h / 2),
                    new Outlet("right-bottom", "Bounding", box.w, 3 * box.h / 4)
                ]
                ]]>
            </Impl>
        </Action>
    </Actions>
    <p:Content xmlns:p="http://www.evolus.vn/Namespace/Pencil"
               xmlns="http://www.w3.org/2000/svg">
        <rect id="rect" x="0" y="0" />
        <rect id="rectClassName" x="0" y="0" />
        <rect id="rectAttributesCompartment" x="0" y="0" />
        <rect id="rectMethodsCompartment" x="0" y="0" />
        <text id="textClassName"  xml:space="preserve" />
        <text id="textAttributes"  xml:space="preserve" />
        <text id="textMethods"  xml:space="preserve" />
        <path id="separatorClassAttributes" fill="none" style="stroke-linejoin: round" />
        <path id="separatorAttributesMethods" fill="none" style="stroke-linejoin: round" />

    </p:Content>
</Shape>

    <Shortcut displayName="Entity / Class w/o compartments" icon="icons/rectangle.png" to="CDClass_V003">
    <PropertyValue name="ENUMshowCompartments">none</PropertyValue>
</Shortcut>
    <Shortcut displayName="vert. Association / Aggregation / Composition" icon="icons/lineV.png" to="CDLineHorVert_V003">
    <PropertyValue name="BOOLisHorizontal">false</PropertyValue>
    <PropertyValue name="BOOLhasExtensionA">false</PropertyValue>
    <PropertyValue name="BOOLhasExtensionB">false</PropertyValue>
    <PropertyValue name="BOOLlockArrowStyle">false</PropertyValue>
    <PropertyValue name="HNDLp1">0,0</PropertyValue>
    <PropertyValue name="HNDLp2">0,50</PropertyValue>
    <PropertyValue name="HNDLc3">0,25</PropertyValue>
    <PropertyValue name="HNDLtextPos">5,25</PropertyValue>
</Shortcut>
    <Shortcut displayName="hor. Association / Aggregation / Composition" icon="icons/lineH.png" to="CDLineHorVert_V003">
    <PropertyValue name="BOOLisHorizontal">true</PropertyValue>
    <PropertyValue name="BOOLhasExtensionA">false</PropertyValue>
    <PropertyValue name="BOOLhasExtensionB">false</PropertyValue>
    <PropertyValue name="HNDLp1">0,0</PropertyValue>
    <PropertyValue name="HNDLp2">50,0</PropertyValue>
    <PropertyValue name="HNDLc3">25,0</PropertyValue>
    <PropertyValue name="HNDLtextPos">25,20</PropertyValue>
    <PropertyValue name="HNDLtextCSPos">10,10</PropertyValue>
    <PropertyValue name="HNDLtextCEPos">40,10</PropertyValue>
    <PropertyValue name="ALGNtextAlignment">1,1</PropertyValue>
</Shortcut>

    <Shortcut displayName="N hor. Association / Aggregation / Composition" icon="icons/lineHMulti.png" to="CDLineHorVert_V003">
    <PropertyValue name="BOOLisHorizontal">true</PropertyValue>
    <PropertyValue name="BOOLhasExtensionA">true</PropertyValue>
    <PropertyValue name="BOOLhasExtensionB">true</PropertyValue>
    <PropertyValue name="HNDLp1">0,0</PropertyValue>
    <PropertyValue name="HNDLp2">40,50</PropertyValue>
    <PropertyValue name="HNDLc3">20,25</PropertyValue>
    <PropertyValue name="HNDLtextPos">20,10</PropertyValue>
    <PropertyValue name="HNDLtextCSPos">10,10</PropertyValue>
    <PropertyValue name="HNDLtextCEPos">50,40</PropertyValue>
    <PropertyValue name="ALGNtextAlignment">1,1</PropertyValue>
</Shortcut>

    <Shortcut displayName="Z vert. Association / Aggregation / Composition" icon="icons/lineVMulti.png" to="CDLineHorVert_V003">
    <PropertyValue name="BOOLisHorizontal">false</PropertyValue>
    <PropertyValue name="BOOLhasExtensionA">true</PropertyValue>
    <PropertyValue name="BOOLhasExtensionB">true</PropertyValue>
    <PropertyValue name="HNDLp1">0,0</PropertyValue>
    <PropertyValue name="HNDLp2">50,40</PropertyValue>
    <PropertyValue name="HNDLc3">25,20</PropertyValue>
    <PropertyValue name="HNDLtextPos">40,25</PropertyValue>
    <PropertyValue name="HNDLtextCSPos">10,10</PropertyValue>
    <PropertyValue name="HNDLtextCEPos">40,50</PropertyValue>
</Shortcut>

    <Shortcut displayName="N hor. Specialization" icon="icons/specializationHMulti.png" to="CDLineHorVert_V003">
    <PropertyValue name="BOOLisHorizontal">true</PropertyValue>
    <PropertyValue name="BOOLhasExtensionA">true</PropertyValue>
    <PropertyValue name="BOOLhasExtensionB">true</PropertyValue>
    <PropertyValue name="BOOLlockArrowStyle">true</PropertyValue>
    <PropertyValue name="ENUMarrowStyleStart">specialization</PropertyValue>
    <PropertyValue name="BOOLhasCardinalityStart">false</PropertyValue>
    <PropertyValue name="BOOLhasCardinalityEnd">false</PropertyValue>
    <PropertyValue name="HNDLp1">0,0</PropertyValue>
    <PropertyValue name="HNDLp2">40,50</PropertyValue>
    <PropertyValue name="HNDLc3">20,25</PropertyValue>
    <PropertyValue name="HNDLtextPos">20,10</PropertyValue>
 </Shortcut>

    <Shortcut displayName="Z vert. Specialization" icon="icons/specializationVMulti.png" to="CDLineHorVert_V003">
    <PropertyValue name="BOOLisHorizontal">false</PropertyValue>
    <PropertyValue name="BOOLhasExtensionA">true</PropertyValue>
    <PropertyValue name="BOOLhasExtensionB">true</PropertyValue>
    <PropertyValue name="BOOLlockArrowStyle">true</PropertyValue>
    <PropertyValue name="ENUMarrowStyleStart">specialization</PropertyValue>
    <PropertyValue name="BOOLhasCardinalityStart">false</PropertyValue>
    <PropertyValue name="BOOLhasCardinalityEnd">false</PropertyValue>
    <PropertyValue name="HNDLp1">0,0</PropertyValue>
    <PropertyValue name="HNDLp2">50,40</PropertyValue>
    <PropertyValue name="HNDLc3">25,20</PropertyValue>
    <PropertyValue name="HNDLtextPos">25,40</PropertyValue>
</Shortcut>

    <Shape id="CDPackage_V003" displayName="Package" icon="icons/package.png">
    <Properties>
        <PropertyGroup name="Tab Properties">
            <Property name="ENUMtabHeight" 
                displayName="Tab height"
                p:enumValues="['8|8', '12|12', '16|16', '20|20', '24|24', '28|28', '32|32']"
                type="Enum">20</Property>
            <Property name="HNDLtabWidth" displayName="Tab width" 
                p:lockY="true" p:expressionY="$ENUMtabHeight.value / 2" 
                p:minX="20" p:maxX="$box.w - 5" p:noScale="true"
                type="Handle">80,10</Property>
            <Property name="COLRfillColorTab" displayName="Tab Background Color" type="Color"><E>$$defaultBackgroundColor</E></Property>
            <Property name="TTXTtabText" displayName="Tab Text" p:editInfo="({targetName: 'tabText', bound: Bound.fromBox($box), font: $textFont, align: $ALGNtextAlignment, multi: true})" type="PlainText" />
            <Property name="COLRtextColorTab" displayName="Tab Text Color" type="Color"><E>$$defaultTextColor</E></Property>
            <Property name="FONTtextFontTab" displayName="Tab Font" type="Font"><E>$$defaultTextFont</E></Property>
            <Property name="ALGNtextAlignmentTab" displayName="Tab Text Alignment" type="Alignment">0,1</Property>
        </PropertyGroup>
        <PropertyGroup name="Package Properties">
            <Property name="box" type="Dimension">300,200</Property>
            <Property name="fillColor" displayName="Background Color" type="Color"><E>$$defaultBackgroundColor</E></Property>
            <Property name="strokeColor" displayName="Line Color" type="Color"><E>$$defaultStrokeColor</E></Property>
            <Property name="strokeStyle" displayName="Line Style" type="StrokeStyle"><E>$$defaultNodeStrokeStyle</E></Property>
            <Property name="TTXTpackageText" displayName="Package Text" p:editInfo="({targetName: 'packageText', bound: Bound.fromBox($box), font: $textFont, align: $ALGNtextAlignment, multi: true})" type="PlainText" />
            <Property name="textColor" displayName="Text Color" type="Color"><E>$$defaultTextColor</E></Property>
            <Property name="textFont" displayName="Font" type="Font"><E>$$defaultTextFont</E></Property>
            <Property name="ALGNtextAlignment" displayName="Text Alignment" type="Alignment">0,1</Property>
        </PropertyGroup>
    </Properties>
    <Behaviors>
        <For ref="package">
            <D>[M(0, $ENUMtabHeight.value),
                L($box.w, $ENUMtabHeight.value), 
                L($box.w, $box.h),
                L(0, $box.h),
                z
                ]</D>
            <Fill>$fillColor</Fill>
            <StrokeColor>$strokeColor</StrokeColor>
            <StrokeStyle>$strokeStyle</StrokeStyle>
        </For>
        <For ref="tab">
            <D>[M(0, 0), 
                L($HNDLtabWidth.x, 0),
                L($HNDLtabWidth.x, $ENUMtabHeight.value),
                L(0, $ENUMtabHeight.value),
                z
                ]</D>
            <Fill>$COLRfillColorTab</Fill>
            <StrokeStyle>$strokeStyle</StrokeStyle>
            <StrokeColor>$strokeColor</StrokeColor>
        </For>
        <For ref="tabText">
            <DomContent>F.buildTextWrapDomContent(F._target, $TTXTtabText.value, $box.w - $textFont.getPixelHeight(), $ALGNtextAlignmentTab)</DomContent>
            <Font>$FONTtextFontTab</Font>
            <Fill>$COLRtextColorTab</Fill>
            <BoxFit>
                <Arg>new Bound(5, 2, $HNDLtabWidth.x - 5, $ENUMtabHeight.value - 2)</Arg>
                <Arg>$ALGNtextAlignmentTab</Arg>
            </BoxFit>
        </For>
        <For ref="packageText">
            <DomContent>F.buildTextWrapDomContent(F._target, $TTXTpackageText.value, $box.w - $textFont.getPixelHeight(), $ALGNtextAlignment)</DomContent>
            <Font>$textFont</Font>
            <Fill>$textColor</Fill>
            <BoxFit>
                <Arg>new Bound(5, $ENUMtabHeight.value / 0.99 + 5, $box.w - 10, $box.h - $ENUMtabHeight.value - 10)</Arg>
                <Arg>$ALGNtextAlignment</Arg>
            </BoxFit>
        </For>

    </Behaviors>
    <Actions>
        <Action id="getConnectorOutlets">
            <Impl>
                <![CDATA[
                  var box = this.getProperty("box");
                  return [
                    new Outlet("top-left", "Bounding", box.w / 4, 0),
                    new Outlet("top-center", "Bounding", box.w / 2, 0),
                    new Outlet("top-right", "Bounding", 3 * box.w / 4, 0),
                    new Outlet("left-top", "Bounding", 0, box.h / 4),
                    new Outlet("left-center", "Bounding", 0, box.h / 2),
                    new Outlet("left-bottom", "Bounding", 0, 3 * box.h / 4),
                    new Outlet("bottom-left", "Bounding",  box.w / 4, box.h),
                    new Outlet("bottom-center", "Bounding", box.w / 2, box.h),
                    new Outlet("bottom-right", "Bounding", 3 * box.w / 4, box.h),
                    new Outlet("right-top", "Bounding", box.w, box.h / 4),
                    new Outlet("right-center", "Bounding", box.w, box.h / 2),
                    new Outlet("right-bottom", "Bounding", box.w, 3 * box.h / 4)
                ]
                ]]>
            </Impl>
        </Action>
    </Actions>
    <p:Content xmlns:p="http://www.evolus.vn/Namespace/Pencil"
               xmlns="http://www.w3.org/2000/svg">

        <path id="package" x="0" y="0" />
        <path id="tab"
               style="fill-rule:evenodd;fill:none;"
        />

        <text id="tabText"  xml:space="preserve" />
        <text id="packageText" xml:space="preserve" />
    </p:Content>
</Shape>


<!-- old versions to keep compatibility -->
</Shapes>
