<Shapes xmlns="http://www.evolus.vn/Namespace/Pencil"
    xmlns:p="http://www.evolus.vn/Namespace/Pencil"
    xmlns:svg="http://www.w3.org/2000/svg"
    xmlns:xlink="http://www.w3.org/1999/xlink"

    id="tamUD"
    displayName="TAM Use Case Diagram"
    description="TAM Stencils for Use Case Diagrams"
    author="Savio Dimatteo, Bernhard Groene"
    url="https://github.wdf.sap.corp/D063756/pencil-tam-stencils">

    <Properties>
    <PropertyGroup name="Text">
        <Property name="defaultTextFont" type="Font" displayName="Default Font">Sans|normal|normal|13px</Property>
        <Property name="defaultTextColor" type="Color" displayName="Default Text Color">#000000ff</Property>
        <Property name="defaultStrokeColor" type="Color" displayName="Default Stroke Color">#000000ff</Property>
        <Property name="defaultNodeStrokeStyle" type="StrokeStyle" displayName="Default Node Stroke Style">2|</Property>
        <Property name="defaultEdgeStrokeStyle" type="StrokeStyle" displayName="Default Edge Stroke Style">1|</Property>
        <Property name="defaultBackgroundColor" type="Color" displayName="Default Background Color">#FFFFFF</Property>
        <Property name="defaultCornerRadius" type="Enum" displayName="Default Corner Radius" p:enumValues="['10|10', '15|15', '20|20', '25|25', '30|30']">20</Property>
    </PropertyGroup>
</Properties>


    <Script>
        <![CDATA[
        // Old Versions

        // Common
        collection.calculateHorVertLinePoints  = function calculateHorVertLinePoints (p1, p2, c3, isHorizontal, alignType = "center", hasExtensionA = false, hasExtensionB = false, isExtADiagonal = false) {
    // calculate line points for a horizontal / vertical only routing
    // p1, p2: Start and End point
    // c3: Control point
    // isHorizontal: Main line horizontal (true) or vertical (false)
    // aligntype: start, center, end, control - only for straight lines (no elbows)
    // hasExtensionA, hasExtensionB: Elbow at start / end
    // isExtADiagonal: Allow extension A (start) to be diagonal
    // 
    //  Example: isHorizontal = true
    //  pStart x  (= p1)
    //         |    c3
    //      pa x----x----x pb  (this is the main line)
    //                   |
    //                   x pEnd (= p2)
    // range determines whether an ellbow will be inserted at all
    var range = 7.0;
    var p1x = parseFloat(p1.x);
    var p1y = parseFloat(p1.y);
    var p2x = parseFloat(p2.x);
    var p2y = parseFloat(p2.y);
    var c3x = parseFloat(c3.x);
    var c3y = parseFloat(c3.y);
    var pStart = { x: p1x, y: p1y } ;
    var pEnd = { x: p2x, y: p2y } ;

    var pa = { x: 0.0, y: 0.0 };
    var pb = { x: 0.0, y: 0.0 };
    var pd = { x: c3x,  y: c3y }; // diagonal case

    var hasExtA = hasExtensionA;
    var hasExtB = hasExtensionB;

    if (isHorizontal) {
        // horizontal line
        pa.x = p1x;
        pb.x = p2x;
        if ( (hasExtA || hasExtA) && p1x > p2x - 2 * range && p1x < p2x + 2 * range) {
            // although horizontal, the start- and endpoints imply a vertical line, if too close 
            hasExtA = false;
            hasExtB = false;
            pa.x = (p1x + p2x) / 2;
            pa.y = p1y;
            pb.x = pa.x;
            pb.y = p2y;
            return [pa, pb]; 
        }
        if (((hasExtA && hasExtB) || alignType == "control") && p1y > c3y - range && p1y < c3y + range) {
            // if c3 and p1 are too close (Y), it is not possible to draw an elbow
            hasExtA = false;
        }
        if (((hasExtA && hasExtB) || alignType == "control") && p2y > c3y - range && p2y < c3y + range) {
            // if c3 and p2 are too close (Y), it is not possible to draw an elbow
            hasExtB = false;
        }
        if (((hasExtA && !hasExtB) || (!hasExtA && hasExtB )) && p1y > p2y - range && p1y < p2y + range) {
            // one elbow 
            // check range: If too close, convert to a line
            // pa.x = p1x;
            pa.y = (p1y + p2y) / 2;
            // pb.x = p2x;
            pb.y = pa.y;
            return [pa, pb];     
        }
        if (hasExtA && !hasExtB) {
            // one elbow vertical from start
            pa.y = p2y;
            
            return [pStart, pa, pEnd]; 
        }
        if (!hasExtA && hasExtB) {
            // one elbow horizontal from start 
            pb.y = p1y;
            return [pStart, pb, pEnd]; 
        }
        if ((hasExtA && hasExtB) || alignType == "control") {
            // Control c3 defines x
            pa.y = c3y;
            pb.y = c3y;
        } else {
            // Aligntype defines y
            switch (alignType) {
            case "start":
                pa.y = p1y;
                pb.y = p1y;
                break;
            case "center":
                pa.y = p1y + (p2y-p1y)/2;
                pb.y = pa.y;
                break;
            case "end":
                pa.y = p2y;
                pb.y = p2y;
                break;
            } // switch aligntype
        }
    } else {
        // vertical line
        pa.y = p1y;
        pb.y = p2y;
        if ( (hasExtA || hasExtA) && p1y > p2y - 2 * range && p1y < p2y + 2 * range) {
            // although vertical, the start- and endpoints imply a horizontal line, if too close 
            hasExtA = false;
            hasExtB = false;
            pa.x = p1x;
            pa.y = (p1y + p2y) / 2;
            pb.x = p2x;
            pb.y = pa.y;
            return [pa, pb]; 
        }
        if (((hasExtA && hasExtB) || alignType == "control") && p1x > c3x - range && p1x < c3x + range) {
            // if c3 and p1 are too close (X), it is not possible to draw an elbow
            hasExtA = false;
        }
        if (((hasExtA && hasExtB) || alignType == "control") && p2x > c3x - range && p2x < c3x + range) {
            // if c3 and p2 are too close (X), it is not possible to draw an elbow
            hasExtB = false;
        }
        if (((hasExtA && !hasExtB) || (!hasExtA && hasExtB )) && p1x > p2x - range && p1x < p2x + range) {
            // one elbow 
            // check range: If too close, convert to a line
            pa.x = (p1x + p2x) / 2;
            //pa.y = p1y;
            pb.x = pa.x;
            //pb.y = p2y;
            return [pa, pb];     
        }
        if (hasExtA && !hasExtB) {
            // one elbow horizontal from start
            pa.x = p2x;
            return [pStart, pa, pEnd]; 
        }
        if (!hasExtA && hasExtB) {
            // one elbow vertical from start
            pb.x = p1x;
            return [pStart, pb, pEnd]; 
        }
        if ((hasExtA && hasExtB) || alignType == "control") {
            // Control c3 defines x
            pa.x = c3x;
            pb.x = c3x;
        } else {
            // Aligntype defines x
            switch (alignType) {
            case "start":
                pa.x = p1x;
                pb.x = p1x;
                break;
            case "center":
                pa.x = p1x + (p2x-p1x)/2;
                pb.x = pa.x;
                break;
            case "end":
                pa.x = p2x;
                pb.x = p2x;
                break;
            } // switch aligntype
        }
    }
    
    var aPoints = isExtADiagonal ? [pStart, pd, pb, pEnd] : (
        hasExtA ? (
            hasExtB ? [pStart, pa, pb, pEnd] : [pStart, pa, pb] 
            )
            : (hasExtB ? [pa, pb, pEnd] : [pa, pb] )
        );
    return aPoints;                                    
};
        collection.calculateHorVertControlConstraints  = function calculateHorVertControlConstraints (p1, p2, c3, isHorizontal, alignType = "center", hasExtensionA = false, hasExtensionB = false, isExtADiagonal = false) {
    // calculate line points for a horizontal / vertical only routing
    // p1, p2: Start and End point
    // c3: Control point
    // isHorizontal: Main line horizontal (true) or vertical (false)
    // aligntype: start, center, end, control - only for straight lines (no elbows)
    // hasExtensionA, hasExtensionB: Elbow at start / end
    // isExtADiagonal: Allow extension A (start) to be diagonal
    // 
    //  Example: isHorizontal = true
    //  pStart x  (= p1)
    //         |    c3
    //      pa x----x----x pb  (this is the main line)
    //                   |
    //                   x pEnd (= p2)
    // range determines whether an ellbow will be inserted at all
    // output:

    var range = 7.0;
    var p1x = parseFloat(p1.x);
    var p1y = parseFloat(p1.y);
    var p2x = parseFloat(p2.x);
    var p2y = parseFloat(p2.y);
    var c3x = parseFloat(c3.x);
    var c3y = parseFloat(c3.y);
    var cc = { inUse: true, x: c3x, y: c3y };

    var hasExtA = hasExtensionA;
    var hasExtB = hasExtensionB;
    if ((hasExtA && !hasExtB) || (!hasExtA && hasExtB )) {
        // one elbow 
        cc.inUse = false;
    }
if (isHorizontal) {
        // horizontal line
        if ( (hasExtA || hasExtA) && p1x > p2x - 2 * range && p1x < p2x + 2 * range) {
            // although horizontal, the start- and endpoints imply a vertical line, if too close 
            cc.inUse = false;
            cc.x = (p1x + p2x) / 2;
            return cc; 
        }
        if (((hasExtA && hasExtB) || alignType == "control") && p1y > c3y - range && p1y < c3y + range) {
            // if c3 and p1 are too close (Y), it is not possible to draw an elbow
            hasExtA = false;
        }
        if (((hasExtA && hasExtB) || alignType == "control") && p2y > c3y - range && p2y < c3y + range) {
            // if c3 and p2 are too close (Y), it is not possible to draw an elbow
            hasExtB = false;
        }
        if (((hasExtA && !hasExtB) || (!hasExtA && hasExtB )) && p1y > p2y - range && p1y < p2y + range) {
            // one elbow 
            // check range: If too close, convert to a line
            cc.y = (p1y + p2y) / 2;
            return cc;     
        }
        if (hasExtA && !hasExtB) {
            // one elbow vertical from start
            cc.y = p2y;
            return cc; 
        }
        if (!hasExtA && hasExtB) {
            // one elbow horizontal from start 
            cc.y = p1y;
            return cc; 
        }
        if ((hasExtA && hasExtB) || alignType == "control") {
            // Control c3 defines x
            cc.inUse = true;
            return cc; 
        } else {
            // Aligntype defines y
            switch (alignType) {
            case "start":
                cc.y = p1y;
                break;
            case "center":
                cc.y = (p1y + p2y) / 2;
                break;
            case "end":
                cc.y = p2y;
                break;
            } // switch aligntype
            cc.inUse = false;
            return cc; 
        }
    } else {
        // vertical line
        if ( (hasExtA || hasExtA) && p1y > p2y - 2 * range && p1y < p2y + 2 * range) {
            // although vertical, the start- and endpoints imply a horizontal line, if too close 
            cc.inUse = false;
            cc.y = (p1y + p2y) / 2;
            return cc; 
        }
        if (((hasExtA && hasExtB) || alignType == "control") && p1x > c3x - range && p1x < c3x + range) {
            // if c3 and p1 are too close (X), it is not possible to draw an elbow
            hasExtA = false;
        }
        if (((hasExtA && hasExtB) || alignType == "control") && p2x > c3x - range && p2x < c3x + range) {
            // if c3 and p2 are too close (X), it is not possible to draw an elbow
            hasExtB = false;
        }
        if (((hasExtA && !hasExtB) || (!hasExtA && hasExtB )) && p1x > p2x - range && p1x < p2x + range) {
            // one elbow 
            // check range: If too close, convert to a line
            cc.y = (p1x + p2x) / 2;
            return cc;     
        }
        if (hasExtA && !hasExtB) {
            // one elbow horizontal from start
            cc.x = p2x;
            return cc; 
        }
        if (!hasExtA && hasExtB) {
            // one elbow vertical from start
            cc.x = p1x;
            return cc; 
        }
        if ((hasExtA && hasExtB) || alignType == "control") {
            // Control c3 defines x
            cc.inUse = true;
            return cc; 
        } else {
            // Aligntype defines x
            switch (alignType) {
            case "start":
                cc.x = p1x;
                break;
            case "center":
                cc.x = (p1x + p2x) / 2;
                break;
            case "end":
                cc.x = p2x;
                break;
            } // switch aligntype
            cc.inUse = false;
            return cc; 
        }
    }
};
        collection.arrowheadCreateSVG = function arrowheadCreateSVG (arrowType) {
  /* global z L M Q*/
  var arrowHead = [];
  switch (arrowType) {
    case "none":
      // no arrowhead
      break;
    case "full":
      // closed arrowhead
      arrowHead.push(M(9,5));
      arrowHead.push(L(-1,0));
      arrowHead.push(L(9,-5));
      arrowHead.push(C(7,-2,  7,2,  9,5));
      arrowHead.push(z);
      break;
    case "open":
      // open arrowhead
      arrowHead.push(M(10,4.5));
      arrowHead.push(L(-1,0));
      arrowHead.push(L(10,-4.5));
      break;
    case "composition":
      // filled diamond
      arrowHead.push(M(9,5));
      arrowHead.push(L(-1,0));
      arrowHead.push(L(9,-5));
      arrowHead.push(L(17,0));
      arrowHead.push(z);
      break;
    case "aggregation":
      // open diamond
      arrowHead.push(M(9,5));
      arrowHead.push(L(-1,0));
      arrowHead.push(L(9,-5));
      arrowHead.push(L(17,0));
      arrowHead.push(z);
      break;
    case "specialization":
      // triangle
      arrowHead.push(M(15,8));
      arrowHead.push(L(-1,0));
      arrowHead.push(L(15,-8));
      arrowHead.push(z);
      break;
    default:
    arrowHead.push(M(9,5));
    arrowHead.push(L(-1,0));
    arrowHead.push(L(9,-5));
    arrowHead.push(C(7,-2,  7,2,  9,5));
    arrowHead.push(z);

  }
  return arrowHead;
};
        collection.arrowheadDetermineFill = function arrowheadDetermineFill (arrowType, strokeColor) {
  /* global z L M Q*/
  var arrowHeadFill = Color.fromString("transparent");
  switch (arrowType) {
    case "none":
      // no arrowhead
      break;
    case "full":
      // closed arrowhead
      arrowHeadFill = strokeColor;
      break;
    case "open":
      // open arrowhead
      break;
    case "composition":
      // filled diamond
      arrowHeadFill = strokeColor;
      break;
    case "aggregation":
      // open diamond
      arrowHeadFill = Color.fromString("#ffffffff")
      break;
    case "specialization":
      // triangle
      arrowHeadFill = Color.fromString("#ffffffff")
      break;
    default:

  }
  return arrowHeadFill;
};
        collection.createSVGLineThroughPoints = function createSVGLineThroughPoints (aPoints, bRounded, bClosed, iCornerRadius = 10) {
    /* global z L M Q*/
    // uses: 
    //   collection.getPointOnLine

    var collection = this;
    var line = [];

    if (aPoints.length < 2) {
        throw new Error("We need at least 2 points to create a line");
    }

    if (bRounded) {
        if (bClosed) {
            aPoints.push(aPoints[0]);
        }

        aPoints.forEach(function (oPt, i, aPts) {
            var bFirstPoint = i === 0;
            var bLastPoint = i === aPts.length - 1;

            if (bFirstPoint) {
                let oMoveToPoint = bClosed
                    ? collection.getPointOnLine(oPt, aPts[i+1], iCornerRadius)
                    : oPt;

                line.push(M(oMoveToPoint.x, oMoveToPoint.y));
                return;
            }

            if (bLastPoint) {
                if (bClosed) {
                    let oPtCurveStart = collection.getPointOnLine(oPt, aPts[i-1], iCornerRadius);
                    let oPtCurveEnd = collection.getPointOnLine(oPt, aPts[1], iCornerRadius);

                    line.push(L(oPtCurveStart.x, oPtCurveStart.y));
                    line.push(Q(
                        oPt.x, oPt.y,
                        oPtCurveEnd.x, oPtCurveEnd.y
                    ));
                    return;
                }

                // not closed
                line.push(L(oPt.x, oPt.y));
                return;
            }

            let oPtCurveStart = collection.getPointOnLine(oPt, aPts[i-1], iCornerRadius);
            let oPtCurveEnd = collection.getPointOnLine(oPt, aPts[i+1], iCornerRadius);

            line.push(L(oPtCurveStart.x, oPtCurveStart.y));
            line.push(Q(
                oPt.x, oPt.y,
                oPtCurveEnd.x, oPtCurveEnd.y
            ));
        });
    } else {
        aPoints.forEach(function (oPt, i) {
            var bFirstPoint = i === 0;
            if (bFirstPoint) {
                line.push(M(oPt.x, oPt.y));
                return;
            }

            line.push(L(oPt.x, oPt.y));
        });
    }


    if (bClosed) {
        line.push(z);
    }

    return line;
};
        collection.getPointOnLine = function getPointOnLine (a, b, offset) {
    // finds a point on the segment between a and b (points) which is at
    // offset distance from a.

    function getPointCoordinates (a, b) {

        let ax, ay, bx, by;

        ay = parseFloat(a.y);
        by = parseFloat(b.y);
        ax = parseFloat(a.x);
        bx = parseFloat(b.x);
        return { ax, ay, bx, by };
    }

    function findPointDistance (a, b) {
        const x1 = a.x;
        const y1 = a.y;
        const x2 = b.x;
        const y2 = b.y;
        return Math.sqrt(Math.pow(x2 - x1, 2) + Math.pow(y2 - y1, 2));
    }

    const {
        ax,
        ay,
        bx,
        by
    } = getPointCoordinates(a, b);

    const R = findPointDistance(a, b);
    const rR = parseFloat(offset)/R;

    return {
        x : ax + ( bx - ax ) * rR,
        y : ay + ( by - ay ) * rR
    };
};

        ]]>
    </Script>

    <!-- System ( invisible ) -->
      <Shape id="AllDHorVertLine_V002" displayName="hor. / vert. Line" icon="icons/arrowVMulti.png" system="true">
      <Properties>
          <PropertyGroup name="Line">
              <Property name="BOOLhasExtensionA"  displayName="Extension at Start"  type="Bool">true</Property>
              <Property name="BOOLallowDiagonalExtA" displayName="Allow Diagonal Extension at Start"  p:disabled="true" type="Bool">false</Property>
              <Property name="BOOLisExtADiagonal"  displayName="Diagonal Extension at Start" p:disabled="$BOOLallowDiagonalExtA.value == false || $BOOLhasExtensionA.value == false" type="Bool">false</Property>
              <Property name="BOOLhasExtensionB"  displayName="Extension at End"  type="Bool">true</Property>
              <Property name="BOOLisHorizontal" p:disabled="true" displayName="Horizontal" type="Bool">false</Property>
              <Property name="ENUMarrowStyleStart"  displayName="Arrow Style Start"
                  p:enumValues="['none|None', 'full|Full', 'open|Open']"
                  type="Enum">none</Property>
              <Property name="ENUMarrowStyleEnd"  displayName="Arrow Style End"
                  p:enumValues="['none|None', 'full|Full', 'open|Open']"
                  type="Enum">full</Property>
              <Property name="ENUMalignType"  displayName="Alignment" p:disabled="$BOOLhasExtensionA.value || $BOOLhasExtensionB.value"
                  p:enumValues="['start|Start', 'center|Center', 'end|End', 'control|Control']"
                  type="Enum">center</Property>
              <Property name="HNDLp1" p:connectTo="*" displayName="Begin" type="Handle">0,0</Property>
              <Property name="HNDLp2" p:connectTo="*" displayName="End" type="Handle">30,50</Property>
              <Property name="HNDLc3" displayName="Control" 
                  p:disabled="!collection.calculateHorVertControlConstraints($HNDLp1, $HNDLp2, $HNDLc3, $BOOLisHorizontal.value, $ENUMalignType.value, $BOOLhasExtensionA.value, $BOOLhasExtensionB.value, $BOOLisExtADiagonal.value).inUse"
                  p:minX="$BOOLisHorizontal.value ? Math.min($HNDLp1.x, $HNDLp2.x) : -9999" 
                  p:maxX="$BOOLisHorizontal.value ? Math.max($HNDLp1.x, $HNDLp2.x) :  9999"
                  p:minY="$BOOLisHorizontal.value ? -9999 : Math.min($HNDLp1.y, $HNDLp2.y)" 
                  p:maxY="$BOOLisHorizontal.value ?  9999 : Math.max($HNDLp1.y, $HNDLp2.y)"
                  type="Handle">15,25</Property>
              <Property name="strokeColor" displayName="Line Color" type="Color"><E>$$defaultStrokeColor</E></Property>
              <Property name="strokeStyle" displayName="Line Style" type="StrokeStyle"><E>$$defaultEdgeStrokeStyle</E></Property>
          </PropertyGroup>
          <PropertyGroup name="Text">
              <Property name="HNDLtextPos" p:disabled="$TTXTtextContent.value.length == 0" displayName="Text Position" type="Handle">40,25</Property>
              <Property name="TTXTtextContent" displayName="Content"
                p:editInfo="var targetBox = F.getObjectBoundingBox('text'); var sizeBox = F.textSize('text'); var newBox = new Bound(targetBox.x, targetBox.y + ((sizeBox.h / 2) - 10), Math.sqrt((sizeBox.w * sizeBox.w) + (sizeBox.h * sizeBox.h)) + 10 , 20); ({targetName: 'text', bound: newBox , font: $textFont, align: $ALGNtextAlignment, multi: true})"
                type="PlainText" />
              <Property name="textColor" displayName="Text Color" type="Color"><E>$$defaultTextColor</E></Property>
              <Property name="textFont" displayName="Font" type="Font"><E>$$defaultTextFont</E></Property>
              <Property name="ALGNtextAlignment" displayName="Text Alignment" type="Alignment">0,1</Property>
          </PropertyGroup>
      </Properties>
      <Behaviors>
        <For ref="line">
          <D><![CDATA[
            var aPoints = collection.calculateHorVertLinePoints($HNDLp1, $HNDLp2, $HNDLc3, $BOOLisHorizontal.value, $ENUMalignType.value, $BOOLhasExtensionA.value, $BOOLhasExtensionB.value, $BOOLisExtADiagonal.value);
            var line = collection.createSVGLineThroughPoints(aPoints, true /*bRounded*/, false /*bClosed*/);
            line;
            ]]>
          </D>

            <StrokeColor>$strokeColor</StrokeColor>
            <StrokeStyle>$strokeStyle</StrokeStyle>
        </For>
        <For ref="lineGrip">
          <D><![CDATA[
            var aPoints = collection.calculateHorVertLinePoints($HNDLp1, $HNDLp2, $HNDLc3, $BOOLisHorizontal.value, $ENUMalignType.value, $BOOLhasExtensionA.value, $BOOLhasExtensionB.value, $BOOLisExtADiagonal.value);
            var line = collection.createSVGLineThroughPoints(aPoints, true /*bRounded*/, false /*bClosed*/);
            line;
            ]]>
          </D>
        </For>
        <For ref="ArrowStartPath">
          <Fill><![CDATA[
            var arrowHeadFill = collection.arrowheadDetermineFill($ENUMarrowStyleStart.value, $strokeColor);
            arrowHeadFill;
          ]]></Fill>
          <StrokeColor>$strokeColor</StrokeColor>
          <D><![CDATA[
              var arrowHead = collection.arrowheadCreateSVG($ENUMarrowStyleStart.value);
              arrowHead;
          ]]></D>
          <Transform>[translate(1, 0), scale((parseFloat($strokeStyle.w)+2)/4, (parseFloat($strokeStyle.w)+2)/4)]</Transform>
          <Visibility>$ENUMarrowStyleStart.value != 'none'</Visibility>
        </For>
        <For ref="ArrowEndPath">
            <Fill><![CDATA[
              var arrowHeadFill = collection.arrowheadDetermineFill($ENUMarrowStyleEnd.value, $strokeColor);
              arrowHeadFill;
            ]]></Fill>
            <StrokeColor>$strokeColor</StrokeColor>
            <D><![CDATA[
              var arrowHead = collection.arrowheadCreateSVG($ENUMarrowStyleEnd.value);
              arrowHead;
            ]]></D>
            <Transform>[rotate(180), translate(1, 0), scale((parseFloat($strokeStyle.w)+2)/4, (parseFloat($strokeStyle.w)+2)/4)]</Transform>
            <Visibility>$ENUMarrowStyleEnd.value != 'none'</Visibility>
        </For>


        <For ref="text">
            <DomContent>F.buildTextWrapDomContent(F._target, $TTXTtextContent.value, 300, $ALGNtextAlignment)</DomContent>
            <Font>$textFont</Font>
            <Color>$textColor</Color>
            <Transform>[translate(parseFloat($HNDLtextPos.x) - $ALGNtextAlignment.h * 150, $HNDLtextPos.y)]</Transform>
        </For>
      </Behaviors>
      <Actions>
          <Action id="toggleHorVert" displayName="Toggle Horizontal / Vertical">
              <Impl>
                  var currentIsHorizontal = this.getProperty("BOOLisHorizontal");
                  this.setProperty("BOOLisHorizontal", new Bool(!currentIsHorizontal.value));
              </Impl>
          </Action>
          <Action id="switchDirection" displayName="Switch direction">
              <Impl>
                  var arrowStyleStart = this.getProperty("ENUMarrowStyleStart");
                  var arrowStyleEnd = this.getProperty("ENUMarrowStyleEnd");
                  this.setProperty("ENUMarrowStyleStart", arrowStyleEnd);
                  this.setProperty("ENUMarrowStyleEnd", arrowStyleStart);
              </Impl>
          </Action>
          <Action id="centerTextPos" displayName="Move text block to center">
              <Impl>
                  var p1 = this.getProperty("HNDLp1");
                  var p2 = this.getProperty("HNDLp2");
                  var textPos = this.getProperty("HNDLtextPos");
                  textPos.x = (p1.x + p2.x) / 2;
                  textPos.y = (p1.y + p2.y) / 2;
                  this.setProperty("HNDLtextPos", textPos);
              </Impl>
          </Action>
      </Actions>
      <p:Content xmlns:p="http://www.evolus.vn/Namespace/Pencil"
                 xmlns:sodipodi="http://sodipodi.sourceforge.net/DTD/sodipodi-0.dtd"
                 xmlns="http://www.w3.org/2000/svg">
          <defs>
              <marker
                 id="ArrowEnd"
                 orient="auto"
                 refY="0.0"
                 refX="0.0"
                 style="overflow:visible;"
                 markerUnits="userSpaceOnUse">

                 <path
                    id="ArrowEndPath"
                    style="fill-rule:evenodd;stroke-width:0.9;stroke-linejoin:round;stroke:#000000;stroke-opacity:1;fill:#000000;fill-opacity:1"
                    />
              </marker>
              <marker
                 id="ArrowStart"
                 orient="auto"
                 refY="0.0"
                 refX="0.0"
                 style="overflow:visible;"
                 markerUnits="userSpaceOnUse">

                 <path
                    id="ArrowStartPath"
                    style="fill-rule:evenodd;stroke-width:0.9;stroke-linejoin:round;stroke:#000000;stroke-opacity:1;fill:#000000;fill-opacity:1"
                    />
              </marker>

           </defs>

          <path
             id="line"
             style="stroke-linejoin: round; "
             fill="none"
             marker-start = "url(#ArrowStart)"
             marker-end   = "url(#ArrowEnd)"
              />

          <path id="lineGrip" fill="none" style="stroke: rgba(0, 0, 0, 0); stroke-width: 10px;"/>

          <text id="text" xml:space="preserve"  />

      </p:Content>
  </Shape>

      <Shape id="AllDRoundedRectangle_V002" displayName="Rounded Rectangle" icon="icons/storage.png" system="true">
    <Properties>
        <PropertyGroup name="Rectangle">
            <Property name="box" type="Dimension">150,50</Property>
            <Property name="BOOLallowRoundedCorners" p:disabled="true" 
                displayName="AllowRoundedCorners" type="Bool">true</Property>
            <Property name="BOOLhasRoundedCorners" p:disabled="$BOOLallowRoundedCorners.value === false" 
                displayName="Rounded Corners" type="Bool">true</Property>
            <Property name="BOOLallowMultiple" p:disabled="true" 
                displayName="AllowMultiple" type="Bool">false</Property>
            <Property name="BOOLisMultiple" p:disabled="$BOOLallowMultiple.value === false" 
                displayName="Multiple" type="Bool">false</Property>
            <Property name="HNDLcornerRadius" p:disabled="$BOOLhasRoundedCorners.value === false" 
                p:minX="10" p:maxX="50" p:lockY="true" p:noScale="true"
                displayName="Corner Radius" type="Handle"><E>$$defaultCornerRadius + ",0"</E></Property>
            <Property name="fillColor" displayName="Background Color" type="Color"><E>$$defaultBackgroundColor</E></Property>
            <Property name="strokeColor" displayName="Line Color" type="Color"><E>$$defaultStrokeColor</E></Property>
            <Property name="strokeStyle" displayName="Line Style" type="StrokeStyle"><E>$$defaultNodeStrokeStyle</E></Property>
        </PropertyGroup>
        <PropertyGroup name="Text">
            <Property name="TTXTlabel" displayName="Label" p:editInfo="({targetName: 'text', bound: Bound.fromBox($box), font: $textFont, align: $ALGNtextAlignment, multi: true})" type="PlainText" />
            <Property name="textColor" displayName="Text Color" type="Color"><E>$$defaultTextColor</E></Property>
            <Property name="textFont" displayName="Font" type="Font"><E>$$defaultTextFont</E></Property>
            <Property name="ALGNtextAlignment" displayName="Text Alignment" type="Alignment">1,1</Property>
        </PropertyGroup>
    </Properties>
    <Behaviors>
        <For ref="rect">
            <Box>$box</Box>
            <Fill>$fillColor</Fill>
            <StrokeColor>$strokeColor</StrokeColor>
            <StrokeStyle>$strokeStyle</StrokeStyle>
            <Radius>
                <Arg>$BOOLhasRoundedCorners.value ? $HNDLcornerRadius.x : 0</Arg>
                <Arg>$BOOLhasRoundedCorners.value ? $HNDLcornerRadius.x : 0</Arg>
            </Radius>
        </For>
        <For ref="rectMultiple">
            <Box>$box</Box>
            <Fill>$fillColor</Fill>
            <StrokeColor>$strokeColor</StrokeColor>
            <StrokeStyle>$strokeStyle</StrokeStyle>
            <Radius>
                <Arg>$BOOLhasRoundedCorners.value ? $HNDLcornerRadius.x : 0</Arg>
                <Arg>$BOOLhasRoundedCorners.value ? $HNDLcornerRadius.x : 0</Arg>
            </Radius>
            <Transform>[translate(8, -8)]</Transform>
            <Visibility>$BOOLisMultiple</Visibility>
        </For>
        <For ref="text">
            <DomContent>F.buildTextWrapDomContent(F._target, $TTXTlabel.value, $box.w - $textFont.getPixelHeight(), $ALGNtextAlignment)</DomContent>
            <Font>$textFont</Font>
            <Fill>$textColor</Fill>
            <BoxFit>
                <Arg>new Bound(5, 5, $box.w - 10, $box.h - 10)</Arg>
                <Arg>$ALGNtextAlignment</Arg>
            </BoxFit>
        </For>

    </Behaviors>
    <Actions>
        <Action id="getConnectorOutlets">
            <Impl>
                <![CDATA[
                  var box = this.getProperty("box");
                  return [
                    new Outlet("top-left", "Bounding", box.w / 4, 0),
                    new Outlet("top-center", "Bounding", box.w / 2, 0),
                    new Outlet("top-right", "Bounding", 3 * box.w / 4, 0),
                    new Outlet("left-top", "Bounding", 0, box.h / 4),
                    new Outlet("left-center", "Bounding", 0, box.h / 2),
                    new Outlet("left-bottom", "Bounding", 0, 3 * box.h / 4),
                    new Outlet("bottom-left", "Bounding",  box.w / 4, box.h),
                    new Outlet("bottom-center", "Bounding", box.w / 2, box.h),
                    new Outlet("bottom-right", "Bounding", 3 * box.w / 4, box.h),
                    new Outlet("right-top", "Bounding", box.w, box.h / 4),
                    new Outlet("right-center", "Bounding", box.w, box.h / 2),
                    new Outlet("right-bottom", "Bounding", box.w, 3 * box.h / 4)
                ]
                ]]>
            </Impl>
        </Action>
    </Actions>
    <p:Content xmlns:p="http://www.evolus.vn/Namespace/Pencil"
               xmlns:sodipodi="http://sodipodi.sourceforge.net/DTD/sodipodi-0.dtd"
               xmlns="http://www.w3.org/2000/svg">
        <rect id="rectMultiple" x="0" y="0" />
        <rect id="rect" x="0" y="0" />
        <text id="text" text-anchor="start" xml:space="preserve" />
    </p:Content>
</Shape>

      <Shape id="AllDDirectLine_V002" displayName="direct Line" icon="icons/arrowDirect.png" system="true">
      <Properties>
          <PropertyGroup name="Line">
              <Property name="ENUMarrowStyleStart"  displayName="Arrow Style Start"
                  p:enumValues="['none|None', 'full|Full', 'open|Open']"
                  type="Enum">none</Property>
              <Property name="ENUMarrowStyleEnd"  displayName="Arrow Style End"
                  p:enumValues="['none|None', 'full|Full', 'open|Open']"
                  type="Enum">full</Property>
              <Property name="HNDLp1" p:connectTo="*" displayName="Begin" type="Handle">0,0</Property>
              <Property name="HNDLp2" p:connectTo="*" displayName="End" type="Handle">30,50</Property>
              <Property name="strokeColor" displayName="Line Color" type="Color"><E>$$defaultStrokeColor</E></Property>
              <Property name="strokeStyle" displayName="Line Style" type="StrokeStyle"><E>$$defaultEdgeStrokeStyle</E></Property>
          </PropertyGroup>
          <PropertyGroup name="Text">
              <Property name="HNDLtextPos" p:disabled="$TTXTtextContent.value.length == 0" displayName="Text Position" type="Handle">40,25</Property>
              <Property name="TTXTtextContent" displayName="Content"
                p:editInfo="var targetBox = F.getObjectBoundingBox('text'); var sizeBox = F.textSize('text'); var newBox = new Bound(targetBox.x, targetBox.y + ((sizeBox.h / 2) - 10), Math.sqrt((sizeBox.w * sizeBox.w) + (sizeBox.h * sizeBox.h)) + 10 , 20); ({targetName: 'text', bound: newBox , font: $textFont, align: $ALGNtextAlignment, multi: true})"
                type="PlainText" />
              <Property name="textColor" displayName="Text Color" type="Color"><E>$$defaultTextColor</E></Property>
              <Property name="textFont" displayName="Font" type="Font"><E>$$defaultTextFont</E></Property>
              <Property name="ALGNtextAlignment" displayName="Text Alignment" type="Alignment">0,1</Property>
          </PropertyGroup>
      </Properties>
      <Behaviors>
        <For ref="line">
          <D>[M($HNDLp1.x, $HNDLp1.y), L($HNDLp2.x, $HNDLp2.y)]</D>
            <StrokeColor>$strokeColor</StrokeColor>
            <StrokeStyle>$strokeStyle</StrokeStyle>
        </For>
        <For ref="lineGrip">
          <D>[M($HNDLp1.x, $HNDLp1.y), L($HNDLp2.x, $HNDLp2.y)]</D>
        </For>
        <For ref="ArrowStartPath">
          <Fill><![CDATA[
            var arrowHeadFill = collection.arrowheadDetermineFill($ENUMarrowStyleStart.value, $strokeColor);
            arrowHeadFill;
          ]]></Fill>
          <StrokeColor>$strokeColor</StrokeColor>
          <D><![CDATA[
              var arrowHead = collection.arrowheadCreateSVG($ENUMarrowStyleStart.value);
              arrowHead;
          ]]></D>
          <Transform>[translate(1, 0), scale((parseFloat($strokeStyle.w)+2)/4, (parseFloat($strokeStyle.w)+2)/4)]</Transform>
          <Visibility>$ENUMarrowStyleStart.value != 'none'</Visibility>
        </For>
        <For ref="ArrowEndPath">
            <Fill><![CDATA[
              var arrowHeadFill = collection.arrowheadDetermineFill($ENUMarrowStyleEnd.value, $strokeColor);
              arrowHeadFill;
            ]]></Fill>
            <StrokeColor>$strokeColor</StrokeColor>
            <D><![CDATA[
              var arrowHead = collection.arrowheadCreateSVG($ENUMarrowStyleEnd.value);
              arrowHead;
            ]]></D>
            <Transform>[rotate(180), translate(1, 0), scale((parseFloat($strokeStyle.w)+2)/4, (parseFloat($strokeStyle.w)+2)/4)]</Transform>
            <Visibility>$ENUMarrowStyleEnd.value != 'none'</Visibility>
        </For>


        <For ref="text">
            <DomContent>F.buildTextWrapDomContent(F._target, $TTXTtextContent.value, 300, $ALGNtextAlignment)</DomContent>
            <Font>$textFont</Font>
            <Color>$textColor</Color>
            <Transform>[translate(parseFloat($HNDLtextPos.x) - $ALGNtextAlignment.h * 150, $HNDLtextPos.y)]</Transform>
        </For>
      </Behaviors>
      <Actions>
          <Action id="centerTextPos" displayName="Move text block to center">
              <Impl>
                  var p1 = this.getProperty("HNDLp1");
                  var p2 = this.getProperty("HNDLp2");
                  var textPos = this.getProperty("HNDLtextPos");
                  textPos.x = (p1.x + p2.x) / 2;
                  textPos.y = (p1.y + p2.y) / 2;
                  this.setProperty("HNDLtextPos", textPos);
              </Impl>
          </Action>
      </Actions>
      <p:Content xmlns:p="http://www.evolus.vn/Namespace/Pencil"
                 xmlns:sodipodi="http://sodipodi.sourceforge.net/DTD/sodipodi-0.dtd"
                 xmlns="http://www.w3.org/2000/svg">
          <defs>
              <marker
                 id="ArrowEnd"
                 orient="auto"
                 refY="0.0"
                 refX="0.0"
                 style="overflow:visible;"
                 markerUnits="userSpaceOnUse">

                 <path
                    id="ArrowEndPath"
                    style="fill-rule:evenodd;stroke-width:0.9;stroke-linejoin:round;stroke:#000000;stroke-opacity:1;fill:#000000;fill-opacity:1"
                    />
              </marker>
              <marker
                 id="ArrowStart"
                 orient="auto"
                 refY="0.0"
                 refX="0.0"
                 style="overflow:visible;"
                 markerUnits="userSpaceOnUse">

                 <path
                    id="ArrowStartPath"
                    style="fill-rule:evenodd;stroke-width:0.9;stroke-linejoin:round;stroke:#000000;stroke-opacity:1;fill:#000000;fill-opacity:1"
                    />
              </marker>

           </defs>

          <path
             id="line"
             style="stroke-linejoin: round; "
             fill="none"
             marker-start = "url(#ArrowStart)"
             marker-end   = "url(#ArrowEnd)"
              />

          <path id="lineGrip" fill="none" style="stroke: rgba(0, 0, 0, 0); stroke-width: 10px;"/>

          <text id="text" xml:space="preserve"  />

      </p:Content>
  </Shape>


    <!-- Active ( visible ) -->
      <Shortcut displayName="Use Case" icon="icons/ellipse.png" to="AllDRoundedRectangle_V002">
  <PropertyValue name="box">100,50</PropertyValue>
  <PropertyValue name="BOOLallowRoundedCorners">false</PropertyValue>
  <PropertyValue name="BOOLhasRoundedCorners">true</PropertyValue>
  <PropertyValue name="BOOLallowMultiple">false</PropertyValue>
  <PropertyValue name="HNDLcornerRadius">50,0</PropertyValue>
</Shortcut>

      <Shape id="UDActor_V001" displayName="Actor" icon="icons/actor.png">
    <Properties>
        <PropertyGroup name="Agent Properties">
            <Property name="box" type="Dimension">80,80</Property>
            <Property name="HNDLhumanPos" p:disabled="$BOOLshowHuman.value === false" displayName="Position of Human"
              type="Handle" p:minX="0" p:minY="0" p:maxX="$box.w" p:maxY="$box.h">40,30</Property>
            <Property name="ENUMhumanSize" p:disabled="$BOOLshowHuman.value === false" displayName="Size of Human" 
                p:enumValues="['1.5|Small', '2.0|Medium', '2.5|Large']"
                type="Enum">2.0</Property>
            <Property name="ENUMmood"   displayName="Mood" 
                p:enumValues="['happy|Happy', 'normal|Normal', 'waving|Waving']"
                type="Enum">happy</Property>
            <Property name="fillColor" displayName="Background Color" type="Color"><E>$$defaultBackgroundColor</E></Property>
            <Property name="strokeColor" displayName="Line Color" type="Color"><E>$$defaultStrokeColor</E></Property>
            <Property name="strokeStyle" displayName="Line Style" type="StrokeStyle"><E>$$defaultNodeStrokeStyle</E></Property>
        </PropertyGroup>
        <PropertyGroup name="Text">
            <Property name="TTXTlabel" displayName="Label" p:editInfo="({targetName: 'text', bound: Bound.fromBox($box), font: $textFont, align: $ALGNtextAlignment, multi: true})" type="PlainText" />
            <Property name="textColor" displayName="Text Color" type="Color"><E>$$defaultTextColor</E></Property>
            <Property name="textFont" displayName="Font" type="Font"><E>$$defaultTextFont</E></Property>
            <Property name="ALGNtextAlignment" displayName="Text Alignment" type="Alignment">1,2</Property>
        </PropertyGroup>
    </Properties>
    <Behaviors>
        <For ref="text">
            <DomContent>F.buildTextWrapDomContent(F._target, $TTXTlabel.value, $box.w - $textFont.getPixelHeight(), $ALGNtextAlignment)</DomContent>
            <Font>$textFont</Font>
            <Fill>$textColor</Fill>
            <BoxFit>
                <Arg>new Bound(0, 0, $box.w, $box.h)</Arg>
                <Arg>$ALGNtextAlignment</Arg>
            </BoxFit>
        </For>
        <For ref="stickman">
            <Fill>$fillColor</Fill>
            <StrokeColor>$strokeColor</StrokeColor>
            <StrokeStyle>$strokeStyle</StrokeStyle>
            <Transform>[translate($HNDLhumanPos.x, $HNDLhumanPos.y),scale($ENUMhumanSize.value, $ENUMhumanSize.value)]</Transform>
        </For>
        <For ref="leftArm">
            <D><![CDATA[
                let line;
                switch ($ENUMmood.value) {
                    case "normal":
                    case "waving":
                        line = "m 0,-1 -5,0"; // arm straight
                        break;
                    case "happy":
                        line = "m 0,-1 -5,-3"; // arm up
                        break;
                }
                line;
            ]]></D>
        </For>
        <For ref="rightArm">
            <D><![CDATA[
                let line;
                switch ($ENUMmood.value) {
                    case "normal":
                        line = "m 0,-1 5,0"; // arm straight
                        break;
                    case "happy":
                    case "waving":
                        line = "m 0,-1 5,-3"; // arm up
                        break;
                }
                line;
            ]]></D>
        </For>

    </Behaviors>
    <Actions>
        <Action id="getConnectorOutlets">
            <Impl>
                <![CDATA[
                  var box = this.getProperty("box");
                  return [
                    new Outlet("top-left", "Bounding", box.w / 4, 0),
                    new Outlet("top-center", "Bounding", box.w / 2, 0),
                    new Outlet("top-right", "Bounding", 3 * box.w / 4, 0),
                    new Outlet("left-top", "Bounding", 0, box.h / 4),
                    new Outlet("left-center", "Bounding", 0, box.h / 2),
                    new Outlet("left-bottom", "Bounding", 0, 3 * box.h / 4),
                    new Outlet("bottom-left", "Bounding",  box.w / 4, box.h),
                    new Outlet("bottom-center", "Bounding", box.w / 2, box.h),
                    new Outlet("bottom-right", "Bounding", 3 * box.w / 4, box.h),
                    new Outlet("right-top", "Bounding", box.w, box.h / 4),
                    new Outlet("right-center", "Bounding", box.w, box.h / 2),
                    new Outlet("right-bottom", "Bounding", box.w, 3 * box.h / 4)
                ]
                ]]>
            </Impl>
        </Action>
    </Actions>
    <p:Content xmlns:p="http://www.evolus.vn/Namespace/Pencil"
               xmlns:sodipodi="http://sodipodi.sourceforge.net/DTD/sodipodi-0.dtd"
               xmlns="http://www.w3.org/2000/svg">
        <text id="text" text-anchor="start" xml:space="preserve" />

            <g id="stickman">
            <ellipse
               style="opacity:1;stroke-width:1;stroke-linecap:butt;stroke-linejoin:miter;stroke-miterlimit:4;stroke-dasharray:none;stroke-dashoffset:0;stroke-opacity:1"
               id="head"
               cx="0"
               cy="-7.5"
               rx="3"
               ry="3" />
            <path
               d="m 0,-4.5 0,7.5"
               id="body"
               style="fill:none;fill-rule:evenodd;stroke-width:1;stroke-linecap:round;stroke-linejoin:round;stroke-miterlimit:4;stroke-dasharray:none;stroke-opacity:1" />
            <path
               style="fill:none;fill-rule:evenodd;stroke-width:1;stroke-linecap:round;stroke-linejoin:round;stroke-miterlimit:4;stroke-dasharray:none;stroke-opacity:1"
               d="m 0,3 -5,7"
               id="leftLeg"
               />
            <path
               style="fill:none;fill-rule:evenodd;stroke-width:1;stroke-linecap:round;stroke-linejoin:round;stroke-miterlimit:4;stroke-dasharray:none;stroke-opacity:1"
               d="m 0,3 5,7"
               id="rightLeg"
               />
            <path
               id="leftArm"
               style="fill:none;fill-rule:evenodd;stroke-width:1;stroke-linecap:round;stroke-linejoin:round;stroke-miterlimit:4;stroke-dasharray:none;stroke-opacity:1"
               sodipodi:nodetypes="cc" />
            <path
               sodipodi:nodetypes="cc"
               style="fill:none;fill-rule:evenodd;stroke-width:1;stroke-linecap:round;stroke-linejoin:round;stroke-miterlimit:4;stroke-dasharray:none;stroke-opacity:1"
               id="rightArm"
               />
           </g>


    </p:Content>
</Shape>

      <Shortcut displayName="System" icon="icons/rectangle.png" to="AllDRoundedRectangle_V002">
  <PropertyValue name="box">100,50</PropertyValue>
  <PropertyValue name="BOOLallowRoundedCorners">false</PropertyValue>
  <PropertyValue name="BOOLhasRoundedCorners">false</PropertyValue>
  <PropertyValue name="BOOLallowMultiple">false</PropertyValue>
</Shortcut>

      <Shortcut displayName="Association" icon="icons/lineDirect.png" to="AllDDirectLine_V002">
    <PropertyValue name="ENUMarrowStyleStart">none</PropertyValue>
    <PropertyValue name="ENUMarrowStyleEnd">none</PropertyValue>
    <PropertyValue name="HNDLp1">0,0</PropertyValue>
    <PropertyValue name="HNDLp2">50,30</PropertyValue>
    <PropertyValue name="HNDLtextPos">25,5</PropertyValue>
    <PropertyValue name="ALGNtextAlignment">1,1</PropertyValue>
    <PropertyValue name="strokeStyle">1|</PropertyValue>
</Shortcut>

      <Shortcut displayName="Extension" icon="icons/arrowDashed.png" to="AllDDirectLine_V002">
    <PropertyValue name="ENUMarrowStyleStart">none</PropertyValue>
    <PropertyValue name="ENUMarrowStyleEnd">open</PropertyValue>
    <PropertyValue name="HNDLp1">0,0</PropertyValue>
    <PropertyValue name="HNDLp2">50,30</PropertyValue>
    <PropertyValue name="HNDLtextPos">25,5</PropertyValue>
    <PropertyValue name="ALGNtextAlignment">1,1</PropertyValue>
    <PropertyValue name="strokeStyle">1|5,5</PropertyValue>
    <PropertyValue name="TTXTtextContent">&lt;&lt;extend&gt;&gt;</PropertyValue>
</Shortcut>

      <Shortcut displayName="Inclusion" icon="icons/arrowDashed.png" to="AllDDirectLine_V002">
    <PropertyValue name="ENUMarrowStyleStart">none</PropertyValue>
    <PropertyValue name="ENUMarrowStyleEnd">open</PropertyValue>
    <PropertyValue name="HNDLp1">0,0</PropertyValue>
    <PropertyValue name="HNDLp2">50,30</PropertyValue>
    <PropertyValue name="HNDLtextPos">25,5</PropertyValue>
    <PropertyValue name="ALGNtextAlignment">1,1</PropertyValue>
    <PropertyValue name="strokeStyle">1|5,5</PropertyValue>
    <PropertyValue name="TTXTtextContent">&lt;&lt;include&gt;&gt;</PropertyValue>
</Shortcut>

      <Shortcut displayName="Specialization" icon="icons/specializationDirect.png" to="AllDDirectLine_V002">
    <PropertyValue name="ENUMarrowStyleStart">none</PropertyValue>
    <PropertyValue name="ENUMarrowStyleEnd">specialization</PropertyValue>
    <PropertyValue name="HNDLp1">0,0</PropertyValue>
    <PropertyValue name="HNDLp2">50,30</PropertyValue>
    <PropertyValue name="HNDLtextPos">25,5</PropertyValue>
    <PropertyValue name="ALGNtextAlignment">1,1</PropertyValue>
    <PropertyValue name="strokeStyle">1|</PropertyValue>
</Shortcut>


    <!-- old versions to keep compatibility ( invisible ) -->

</Shapes>
