<Shapes xmlns="http://www.evolus.vn/Namespace/Pencil"
    xmlns:p="http://www.evolus.vn/Namespace/Pencil"
    xmlns:svg="http://www.w3.org/2000/svg"
    xmlns:xlink="http://www.w3.org/1999/xlink"

    id="tamSD"
    displayName="TAM State Diagram"
    description="TAM Stencils for State Diagrams"
    author="Savio Dimatteo, Bernhard Groene"
    url="https://github.wdf.sap.corp/TAMusers/pencil-tam-stencils">

    <Properties>
    <PropertyGroup name="Text">
        <Property name="defaultTextFont" type="Font" displayName="Default Font">sans-serif|normal|normal|13px</Property>
        <Property name="defaultTextColor" type="Color" displayName="Default Text Color">#000000ff</Property>
        <Property name="defaultStrokeColor" type="Color" displayName="Default Stroke Color">#000000ff</Property>
        <Property name="defaultNodeStrokeStyle" type="StrokeStyle" displayName="Default Node Stroke Style">2|</Property>
        <Property name="defaultEdgeStrokeStyle" type="StrokeStyle" displayName="Default Edge Stroke Style">1|</Property>
        <Property name="defaultBackgroundColor" type="Color" displayName="Default Background Color">#FFFFFF</Property>
        <Property name="defaultCornerRadius" type="Enum" displayName="Default Corner Radius" p:enumValues="['10|10', '15|15', '20|20', '25|25', '30|30']">20</Property>
    </PropertyGroup>
</Properties>


    <Script>
        <![CDATA[
        // Old Versions
        collection.calculateHorVertControlConstraints  = function calculateHorVertControlConstraints (p1, p2, c3, isHorizontal, alignType = "center", hasExtensionA = false, hasExtensionB = false, isExtADiagonal = false) {
    // calculate line points for a horizontal / vertical only routing
    // p1, p2: Start and End point
    // c3: Control point
    // isHorizontal: Main line horizontal (true) or vertical (false)
    // aligntype: start, center, end, control - only for straight lines (no elbows)
    // hasExtensionA, hasExtensionB: Elbow at start / end
    // isExtADiagonal: Allow extension A (start) to be diagonal
    // 
    //  Example: isHorizontal = true
    //  pStart x  (= p1)
    //         |    c3
    //      pa x----x----x pb  (this is the main line)
    //                   |
    //                   x pEnd (= p2)
    // range determines whether an ellbow will be inserted at all
    // output:

    var range = 7.0;
    var p1x = parseFloat(p1.x);
    var p1y = parseFloat(p1.y);
    var p2x = parseFloat(p2.x);
    var p2y = parseFloat(p2.y);
    var c3x = parseFloat(c3.x);
    var c3y = parseFloat(c3.y);
    var cc = { inUse: true, x: c3x, y: c3y };

    var hasExtA = hasExtensionA;
    var hasExtB = hasExtensionB;
    if ((hasExtA && !hasExtB) || (!hasExtA && hasExtB )) {
        // one elbow 
        cc.inUse = false;
    }
if (isHorizontal) {
        // horizontal line
        if ( (hasExtA || hasExtA) && p1x > p2x - 2 * range && p1x < p2x + 2 * range) {
            // although horizontal, the start- and endpoints imply a vertical line, if too close 
            cc.inUse = false;
            cc.x = (p1x + p2x) / 2;
            return cc; 
        }
        if (((hasExtA && hasExtB) || alignType == "control") && p1y > c3y - range && p1y < c3y + range) {
            // if c3 and p1 are too close (Y), it is not possible to draw an elbow
            hasExtA = false;
        }
        if (((hasExtA && hasExtB) || alignType == "control") && p2y > c3y - range && p2y < c3y + range) {
            // if c3 and p2 are too close (Y), it is not possible to draw an elbow
            hasExtB = false;
        }
        if (((hasExtA && !hasExtB) || (!hasExtA && hasExtB )) && p1y > p2y - range && p1y < p2y + range) {
            // one elbow 
            // check range: If too close, convert to a line
            cc.y = (p1y + p2y) / 2;
            return cc;     
        }
        if (hasExtA && !hasExtB) {
            // one elbow vertical from start
            cc.y = p2y;
            return cc; 
        }
        if (!hasExtA && hasExtB) {
            // one elbow horizontal from start 
            cc.y = p1y;
            return cc; 
        }
        if ((hasExtA && hasExtB) || alignType == "control") {
            // Control c3 defines x
            cc.inUse = true;
            return cc; 
        } else {
            // Aligntype defines y
            switch (alignType) {
            case "start":
                cc.y = p1y;
                break;
            case "center":
                cc.y = (p1y + p2y) / 2;
                break;
            case "end":
                cc.y = p2y;
                break;
            } // switch aligntype
            cc.inUse = false;
            return cc; 
        }
    } else {
        // vertical line
        if ( (hasExtA || hasExtA) && p1y > p2y - 2 * range && p1y < p2y + 2 * range) {
            // although vertical, the start- and endpoints imply a horizontal line, if too close 
            cc.inUse = false;
            cc.y = (p1y + p2y) / 2;
            return cc; 
        }
        if (((hasExtA && hasExtB) || alignType == "control") && p1x > c3x - range && p1x < c3x + range) {
            // if c3 and p1 are too close (X), it is not possible to draw an elbow
            hasExtA = false;
        }
        if (((hasExtA && hasExtB) || alignType == "control") && p2x > c3x - range && p2x < c3x + range) {
            // if c3 and p2 are too close (X), it is not possible to draw an elbow
            hasExtB = false;
        }
        if (((hasExtA && !hasExtB) || (!hasExtA && hasExtB )) && p1x > p2x - range && p1x < p2x + range) {
            // one elbow 
            // check range: If too close, convert to a line
            cc.y = (p1x + p2x) / 2;
            return cc;     
        }
        if (hasExtA && !hasExtB) {
            // one elbow horizontal from start
            cc.x = p2x;
            return cc; 
        }
        if (!hasExtA && hasExtB) {
            // one elbow vertical from start
            cc.x = p1x;
            return cc; 
        }
        if ((hasExtA && hasExtB) || alignType == "control") {
            // Control c3 defines x
            cc.inUse = true;
            return cc; 
        } else {
            // Aligntype defines x
            switch (alignType) {
            case "start":
                cc.x = p1x;
                break;
            case "center":
                cc.x = (p1x + p2x) / 2;
                break;
            case "end":
                cc.x = p2x;
                break;
            } // switch aligntype
            cc.inUse = false;
            return cc; 
        }
    }
};

        // Common
        collection.calculateHorVertLineAndConstraints  = function calculateHorVertLineAndConstraints (
    iStart, iEnd,
    iControlPoints, iCPnum = 0,
    startsHorizontal, 
    isStraight = false, alignType = "center", endsDiagonal = false, cornerRadius = 10) {
    // calculate x/y contraints for segments for a horizontal / vertical only routing with open number of control points
    // iStart, iEnd: Start point and end point of the line    
    // iControlPoints: Array of all control points {x: , y: } between start and end
    // iCPnum: number of control points to be used from array
    // startsHorizontal: First line at start point horizontal (true) or vertical (false)
    // aligntype: start, center, end, control - only for straight lines (no elbows: iPoints has only two elements or three if aligntype = control)
    // endsDiagonal: last line (to end) can be diagonal - iPoints has at least 3 elements
    // cornerRadius: determines minimal distance to calculate an elbow, else corner will be ignored
    // 
    // output: Array for all control points
    // [{xmin: , xmax:, ymin:, ymax:}]
    //
    //  Example: startsHorizontal = false iPoints: 3 elements
    //  iStart x  (= p1)
    //         |    p2
    //      pa x----O----x pb 
    //                   |
    //                   x iEnd (= p3)
    // output: [{xmin: (iEnd.x+iStart.x)/2 , xmax:(iEnd.x+iStart.x)/2, ymin:-9999, ymax:9999}]
    //
    // Example2: startsHorizontal = true
    //  p1 x----x 1
    //     0    |
    //       p2 O    p6          p6
    //       p3 |     x  6        x
    //    3 x-O-x 2   |          /
    //   p4 O         |         /
    //    4 x----O----x 5 x----O
    //          p5            p5 (endsDiagonal = true)
    // output: [{xmin:-9999, xmax:9999, ymin:(iStart.y+p[2].y)/2, ymax:(iStart.y+p[2].y)/2},
    //          {xmin: (p[2].x+p[3].x)/2 , xmax:(p[2].x+p[3].x)/2, ymin:-9999, ymax:9999},
    //          {xmin:-9999, xmax:9999, ymin: (p[3].y+p[4].y)/2, ymax:(p[3].y+p[4].y)/2},
    //          {xmin: (p[4].x+p[5].x)/2 , xmax:(p[4].x+p[5].x)/2, ymin:-9999, ymax:9999}]
    // range determines whether an ellbow will be inserted at all
    const range = cornerRadius * 0.7;

    // target point array
    const aPoints = [];
    const aConstraints = [];
    for (let i = 0; i < iControlPoints.length; i++) {
        aConstraints.push( {xmin: 0 - Number.MAX_VALUE, xmax: Number.MAX_VALUE, ymin: 0 - Number.MAX_VALUE, ymax: Number.MAX_VALUE} );
    }
    if (isStraight) {
        // special case: straight line. This is the only case where the starting point can differ from the
        // fist given point (except alignType = start)
        const p1 = iStart; // first point
        const p2 = iEnd; // last point
        let pa = p1;
        let pb = p2;
        switch (alignType) {
        case "control":
            // we pick the first as control point
            const c = iControlPoints[0];
            if (startsHorizontal) {
                pa.x = p1.x;
                pa.y = c.y;
                pb.x = p2.x;
                pb.y = c.y;
                aConstraints[0].xmin = (p1.x+p2.x)/2;
                aConstraints[0].xmax = (p1.x+p2.x)/2;
            } else {
                pa.x = c.x;
                pa.y = p1.y;
                pb.x = c.x;
                pb.y = p2.y;
                aConstraints[0].ymin = (p1.y+p2.y)/2;
                aConstraints[0].ymax = (p1.y+p2.y)/2;
            }
            break;
        case "start":
            if (startsHorizontal) {
                pa.y = p1.y;
                pb.y = p1.y;
            } else {
                pa.x = p1.x;
                pb.x = p1.x;
            }
            break;
        case "center":
            if (startsHorizontal) {
                pa.y = p1.y + (p2.y-p1.y)/2;
                pb.y = pa.y;
            } else {
                pa.x = p1.x + (p2.x-p1.x)/2;
                pb.x = pa.x;
            }
            break;
        case "end":
            if (startsHorizontal) {
                pa.y = p2.y;
                pb.y = p2.y;
            } else {
                pa.x = p2.x;
                pb.x = p2.x;
            }
            break;
        } // switch aligntype    
        aPoints.push(pa, pb);    
    } else {
        // it's not a straight line: Add segment with elbow corner with every element of iPoints.

        // first line is starting point
        var cpnum = parseInt(iCPnum);
        let iPoints = [];
        for (let i = 0; i < cpnum; i++) {
            iPoints.push(iControlPoints[i]);
        }
        iPoints.push(iEnd);
        var p1 = iStart;
        
        var p2 = iPoints[0];
        var nextIsHor = startsHorizontal;
        aPoints.push(iStart);

        // now loop over rest of array
        for (let i = 0; i < iPoints.length; i++){
            let pax = 0;
            let pay = 0;
            p2 = iPoints[i]; //next point
            // last loop iteration? Then check whether endsDiagonal is set
            if (endsDiagonal && i == iPoints.length - 1 ) {
                // just push the control point instead of calculated point
                aPoints.push(iPoints[i-1]);
            } else {
                let skip = false; 
           
                if (nextIsHor) {
                    // next segment is horizontal
                    if (i > 0) { 
                        aConstraints[i-1].xmin = (p1.x + p2.x)/2; 
                        aConstraints[i-1].xmax = (p1.x + p2.x)/2 
                    }
                    if (Math.abs(p2.x-p1.x) < range) {
                        // too small: don't add elbow
                        skip = true;
                    } else {
                        if (i == iPoints.length - 1 && Math.abs(p2.y-p1.y) < range) {
                            // In case it's the last control point: adjust last aPoint.y to endPoint.y
                            aPoints[aPoints.length - 1].y = p2.y;
                            skip = true;
                        } else {
                            pax = p2.x;
                            pay = p1.y; 
                        }
                    }
                } else {
                    // vertical
                    if (i > 0) { 
                        aConstraints[i-1].ymin = (p1.y + p2.y)/2; 
                        aConstraints[i-1].ymax = (p1.y + p2.y)/2;
                    }
                    if (Math.abs(p2.y-p1.y) < range) {
                        // too small: don't add elbow
                        skip = true;
                    } else {
                        if (i == iPoints.length - 1 && Math.abs(p2.x-p1.x) < range) {
                            // In case it's the last control point: adjust last aPoint.x to endPoint.x
                            aPoints[aPoints.length - 1].x = p2.x;
                            skip = true;
                        } else {
                            pax = p1.x;
                            pay = p2.y;
                        }
                    }
                }
                if (!skip) {
                    aPoints.push({x: pax, y: pay});
                    p1 = {x: pax, y: pay};
                    
                } else {
                    // push the last point again so that the control points still match the segments
                    aPoints.push(aPoints[aPoints.length - 1]);
                    p1 = aPoints[aPoints.length - 1];
                }
                nextIsHor = !nextIsHor;
            }
        }
        // last point to push
        aPoints.push(p2);
    }
    return [aPoints, aConstraints];
};
        collection.calculateHorVertControlConstraints2108  = function calculateHorVertControlConstraints2108 (
    aPoints,
    offset,
    area = 0
) {
    // in:
    //   aPoints: Array with line points {x:, y:}
    //   offset: 0..pixels range orthogonal to line  
    //   area: Where on the line?
    //     0: everywhere
    //     1: start
    //     2: end
    
    // out:
    //   constraints 
    //   {xmin: , xmax:, ymin:, ymax:}
    //
    //
    // Example:
    //  [{x:0, y:0}, {x:-20, y:0}, {x: -20, y:40}, {x:40, y:40}], offset = 10, area = 0:
    //   p3 x-----------------x p4
    //      |
    //      |
    //      x-------x p1
    //      p2
    // out: {xmin: -30, xmax: 50, ymin:-10, ymax: 50}


    function isBetween(x, a, b) {
        return( (a <= x && x <= b) || (a >= x && x >= b) );
    }

    // loop over points to find segment closest to control point
    let a = aPoints[0];
    let boundary = {xmin:  Number.MAX_VALUE, xmax: 0 - Number.MAX_VALUE, ymin: Number.MAX_VALUE, ymax: 0 - Number.MAX_VALUE};
    for (let i=1; i < aPoints.length ; i++) {
        let b = aPoints[i];
        if (area == 0) {
            // now widen the bounding box with every point
            boundary.xmin = Math.min(boundary.xmin, a.x, b.x);
            boundary.xmax = Math.max(boundary.xmax, a.x, b.x);
            boundary.ymin = Math.min(boundary.ymin, a.y, b.y);
            boundary.ymax = Math.max(boundary.ymax, a.y, b.y);
        } else {
            if (area == 1 && i == 1) {
                // first segment
                boundary.xmin = Math.min(a.x, b.x);
                boundary.xmax = Math.max(a.x, b.x);
                boundary.ymin = Math.min(a.y, b.y);
                boundary.ymax = Math.max(a.y, b.y);
            } else if (area == 2 && i == aPoints.length - 1) {
                // last segment
                boundary.xmin = Math.min(a.x, b.x);
                boundary.xmax = Math.max(a.x, b.x);
                boundary.ymin = Math.min(a.y, b.y);
                boundary.ymax = Math.max(a.y, b.y);
            }
        }
        
        a = b;
    }
    return {
        xmin: boundary.xmin - offset, 
        xmax: boundary.xmax + offset, 
        ymin: boundary.ymin - offset, 
        ymax: boundary.ymax + offset
    };
};
        collection.calculateHorVertLinePoints  = function calculateHorVertLinePoints (p1, p2, c3, isHorizontal, alignType = "center", hasExtensionA = false, hasExtensionB = false, isExtADiagonal = false) {
    // calculate line points for a horizontal / vertical only routing
    // p1, p2: Start and End point
    // c3: Control point
    // isHorizontal: Main line horizontal (true) or vertical (false)
    // aligntype: start, center, end, control - only for straight lines (no elbows)
    // hasExtensionA, hasExtensionB: Elbow at start / end
    // isExtADiagonal: Allow extension A (start) to be diagonal
    // 
    //  Example: isHorizontal = true
    //  pStart x  (= p1)
    //         |    c3
    //      pa x----x----x pb  (this is the main line)
    //                   |
    //                   x pEnd (= p2)
    // range determines whether an ellbow will be inserted at all
    var range = 7.0;
    var p1x = parseFloat(p1.x);
    var p1y = parseFloat(p1.y);
    var p2x = parseFloat(p2.x);
    var p2y = parseFloat(p2.y);
    var c3x = parseFloat(c3.x);
    var c3y = parseFloat(c3.y);
    var pStart = { x: p1x, y: p1y } ;
    var pEnd = { x: p2x, y: p2y } ;

    var pa = { x: 0.0, y: 0.0 };
    var pb = { x: 0.0, y: 0.0 };
    var pd = { x: c3x,  y: c3y }; // diagonal case

    var hasExtA = hasExtensionA;
    var hasExtB = hasExtensionB;

    if (isHorizontal) {
        // horizontal line
        pa.x = p1x;
        pb.x = p2x;
        if ( (hasExtA || hasExtA) && p1x > p2x - 2 * range && p1x < p2x + 2 * range) {
            // although horizontal, the start- and endpoints imply a vertical line, if too close 
            hasExtA = false;
            hasExtB = false;
            pa.x = (p1x + p2x) / 2;
            pa.y = p1y;
            pb.x = pa.x;
            pb.y = p2y;
            return [pa, pb]; 
        }
        if (((hasExtA && hasExtB) || alignType == "control") && p1y > c3y - range && p1y < c3y + range) {
            // if c3 and p1 are too close (Y), it is not possible to draw an elbow
            hasExtA = false;
        }
        if (((hasExtA && hasExtB) || alignType == "control") && p2y > c3y - range && p2y < c3y + range) {
            // if c3 and p2 are too close (Y), it is not possible to draw an elbow
            hasExtB = false;
        }
        if (((hasExtA && !hasExtB) || (!hasExtA && hasExtB )) && p1y > p2y - range && p1y < p2y + range) {
            // one elbow 
            // check range: If too close, convert to a line
            // pa.x = p1x;
            pa.y = (p1y + p2y) / 2;
            // pb.x = p2x;
            pb.y = pa.y;
            return [pa, pb];     
        }
        if (hasExtA && !hasExtB) {
            // one elbow vertical from start
            pa.y = p2y;
            
            return [pStart, pa, pEnd]; 
        }
        if (!hasExtA && hasExtB) {
            // one elbow horizontal from start 
            pb.y = p1y;
            return [pStart, pb, pEnd]; 
        }
        if ((hasExtA && hasExtB) || alignType == "control") {
            // Control c3 defines x
            pa.y = c3y;
            pb.y = c3y;
        } else {
            // Aligntype defines y
            switch (alignType) {
            case "start":
                pa.y = p1y;
                pb.y = p1y;
                break;
            case "center":
                pa.y = p1y + (p2y-p1y)/2;
                pb.y = pa.y;
                break;
            case "end":
                pa.y = p2y;
                pb.y = p2y;
                break;
            } // switch aligntype
        }
    } else {
        // vertical line
        pa.y = p1y;
        pb.y = p2y;
        if ( (hasExtA || hasExtA) && p1y > p2y - 2 * range && p1y < p2y + 2 * range) {
            // although vertical, the start- and endpoints imply a horizontal line, if too close 
            hasExtA = false;
            hasExtB = false;
            pa.x = p1x;
            pa.y = (p1y + p2y) / 2;
            pb.x = p2x;
            pb.y = pa.y;
            return [pa, pb]; 
        }
        if (((hasExtA && hasExtB) || alignType == "control") && p1x > c3x - range && p1x < c3x + range) {
            // if c3 and p1 are too close (X), it is not possible to draw an elbow
            hasExtA = false;
        }
        if (((hasExtA && hasExtB) || alignType == "control") && p2x > c3x - range && p2x < c3x + range) {
            // if c3 and p2 are too close (X), it is not possible to draw an elbow
            hasExtB = false;
        }
        if (((hasExtA && !hasExtB) || (!hasExtA && hasExtB )) && p1x > p2x - range && p1x < p2x + range) {
            // one elbow 
            // check range: If too close, convert to a line
            pa.x = (p1x + p2x) / 2;
            //pa.y = p1y;
            pb.x = pa.x;
            //pb.y = p2y;
            return [pa, pb];     
        }
        if (hasExtA && !hasExtB) {
            // one elbow horizontal from start
            pa.x = p2x;
            return [pStart, pa, pEnd]; 
        }
        if (!hasExtA && hasExtB) {
            // one elbow vertical from start
            pb.x = p1x;
            return [pStart, pb, pEnd]; 
        }
        if ((hasExtA && hasExtB) || alignType == "control") {
            // Control c3 defines x
            pa.x = c3x;
            pb.x = c3x;
        } else {
            // Aligntype defines x
            switch (alignType) {
            case "start":
                pa.x = p1x;
                pb.x = p1x;
                break;
            case "center":
                pa.x = p1x + (p2x-p1x)/2;
                pb.x = pa.x;
                break;
            case "end":
                pa.x = p2x;
                pb.x = p2x;
                break;
            } // switch aligntype
        }
    }
    
    var aPoints = isExtADiagonal ? [pStart, pd, pb, pEnd] : (
        hasExtA ? (
            hasExtB ? [pStart, pa, pb, pEnd] : [pStart, pa, pb] 
            )
            : (hasExtB ? [pa, pb, pEnd] : [pa, pb] )
        );
    return aPoints;                                    
};
        collection.calculateHorVertControlConstraints  = function calculateHorVertControlConstraints (p1, p2, c3, isHorizontal, alignType = "center", hasExtensionA = false, hasExtensionB = false, isExtADiagonal = false) {
    // calculate line points for a horizontal / vertical only routing
    // p1, p2: Start and End point
    // c3: Control point
    // isHorizontal: Main line horizontal (true) or vertical (false)
    // aligntype: start, center, end, control - only for straight lines (no elbows)
    // hasExtensionA, hasExtensionB: Elbow at start / end
    // isExtADiagonal: Allow extension A (start) to be diagonal
    // 
    //  Example: isHorizontal = true
    //  pStart x  (= p1)
    //         |    c3
    //      pa x----x----x pb  (this is the main line)
    //                   |
    //                   x pEnd (= p2)
    // range determines whether an ellbow will be inserted at all
    // output:

    var range = 7.0;
    var p1x = parseFloat(p1.x);
    var p1y = parseFloat(p1.y);
    var p2x = parseFloat(p2.x);
    var p2y = parseFloat(p2.y);
    var c3x = parseFloat(c3.x);
    var c3y = parseFloat(c3.y);
    var cc = { inUse: true, x: c3x, y: c3y };

    var hasExtA = hasExtensionA;
    var hasExtB = hasExtensionB;
    if ((hasExtA && !hasExtB) || (!hasExtA && hasExtB )) {
        // one elbow 
        cc.inUse = false;
    }
if (isHorizontal) {
        // horizontal line
        if ( (hasExtA || hasExtA) && p1x > p2x - 2 * range && p1x < p2x + 2 * range) {
            // although horizontal, the start- and endpoints imply a vertical line, if too close 
            cc.inUse = false;
            cc.x = (p1x + p2x) / 2;
            return cc; 
        }
        if (((hasExtA && hasExtB) || alignType == "control") && p1y > c3y - range && p1y < c3y + range) {
            // if c3 and p1 are too close (Y), it is not possible to draw an elbow
            hasExtA = false;
        }
        if (((hasExtA && hasExtB) || alignType == "control") && p2y > c3y - range && p2y < c3y + range) {
            // if c3 and p2 are too close (Y), it is not possible to draw an elbow
            hasExtB = false;
        }
        if (((hasExtA && !hasExtB) || (!hasExtA && hasExtB )) && p1y > p2y - range && p1y < p2y + range) {
            // one elbow 
            // check range: If too close, convert to a line
            cc.y = (p1y + p2y) / 2;
            return cc;     
        }
        if (hasExtA && !hasExtB) {
            // one elbow vertical from start
            cc.y = p2y;
            return cc; 
        }
        if (!hasExtA && hasExtB) {
            // one elbow horizontal from start 
            cc.y = p1y;
            return cc; 
        }
        if ((hasExtA && hasExtB) || alignType == "control") {
            // Control c3 defines x
            cc.inUse = true;
            return cc; 
        } else {
            // Aligntype defines y
            switch (alignType) {
            case "start":
                cc.y = p1y;
                break;
            case "center":
                cc.y = (p1y + p2y) / 2;
                break;
            case "end":
                cc.y = p2y;
                break;
            } // switch aligntype
            cc.inUse = false;
            return cc; 
        }
    } else {
        // vertical line
        if ( (hasExtA || hasExtA) && p1y > p2y - 2 * range && p1y < p2y + 2 * range) {
            // although vertical, the start- and endpoints imply a horizontal line, if too close 
            cc.inUse = false;
            cc.y = (p1y + p2y) / 2;
            return cc; 
        }
        if (((hasExtA && hasExtB) || alignType == "control") && p1x > c3x - range && p1x < c3x + range) {
            // if c3 and p1 are too close (X), it is not possible to draw an elbow
            hasExtA = false;
        }
        if (((hasExtA && hasExtB) || alignType == "control") && p2x > c3x - range && p2x < c3x + range) {
            // if c3 and p2 are too close (X), it is not possible to draw an elbow
            hasExtB = false;
        }
        if (((hasExtA && !hasExtB) || (!hasExtA && hasExtB )) && p1x > p2x - range && p1x < p2x + range) {
            // one elbow 
            // check range: If too close, convert to a line
            cc.y = (p1x + p2x) / 2;
            return cc;     
        }
        if (hasExtA && !hasExtB) {
            // one elbow horizontal from start
            cc.x = p2x;
            return cc; 
        }
        if (!hasExtA && hasExtB) {
            // one elbow vertical from start
            cc.x = p1x;
            return cc; 
        }
        if ((hasExtA && hasExtB) || alignType == "control") {
            // Control c3 defines x
            cc.inUse = true;
            return cc; 
        } else {
            // Aligntype defines x
            switch (alignType) {
            case "start":
                cc.x = p1x;
                break;
            case "center":
                cc.x = (p1x + p2x) / 2;
                break;
            case "end":
                cc.x = p2x;
                break;
            } // switch aligntype
            cc.inUse = false;
            return cc; 
        }
    }
};
        collection.arrowheadCreateSVG = function arrowheadCreateSVG (arrowType) {
  /* global z L M Q*/
  var arrowHead = [];
  switch (arrowType) {
    case "none":
      // no arrowhead
      break;
    case "full":
      // closed arrowhead
      arrowHead.push(M(9,5));
      arrowHead.push(L(-1,0));
      arrowHead.push(L(9,-5));
      arrowHead.push(C(7,-2,  7,2,  9,5));
      arrowHead.push(z);
      break;
    case "open":
      // open arrowhead
      arrowHead.push(M(10,4.5));
      arrowHead.push(L(-1,0));
      arrowHead.push(L(10,-4.5));
      break;
    case "composition":
      // filled diamond
      arrowHead.push(M(9,5));
      arrowHead.push(L(-1,0));
      arrowHead.push(L(9,-5));
      arrowHead.push(L(17,0));
      arrowHead.push(z);
      break;
    case "aggregation":
      // open diamond
      arrowHead.push(M(9,5));
      arrowHead.push(L(-1,0));
      arrowHead.push(L(9,-5));
      arrowHead.push(L(17,0));
      arrowHead.push(z);
      break;
    case "specialization":
      // triangle
      arrowHead.push(M(15,8));
      arrowHead.push(L(-1,0));
      arrowHead.push(L(15,-8));
      arrowHead.push(z);
      break;
    default:
    arrowHead.push(M(9,5));
    arrowHead.push(L(-1,0));
    arrowHead.push(L(9,-5));
    arrowHead.push(C(7,-2,  7,2,  9,5));
    arrowHead.push(z);

  }
  return arrowHead;
};
        collection.arrowheadDetermineFill = function arrowheadDetermineFill (arrowType, strokeColor) {
  /* global z L M Q*/
  var arrowHeadFill = Color.fromString("transparent");
  switch (arrowType) {
    case "none":
      // no arrowhead
      break;
    case "full":
      // closed arrowhead
      arrowHeadFill = strokeColor;
      break;
    case "open":
      // open arrowhead
      break;
    case "composition":
      // filled diamond
      arrowHeadFill = strokeColor;
      break;
    case "aggregation":
      // open diamond
      arrowHeadFill = Color.fromString("#ffffffff")
      break;
    case "specialization":
      // triangle
      arrowHeadFill = Color.fromString("#ffffffff")
      break;
    default:

  }
  return arrowHeadFill;
};
        collection.createSVGLineThroughPoints = function createSVGLineThroughPoints (iPoints, bRounded, bClosed, iCornerRadius = 10) {
/**
 * Creates a coordinate path for the Path SVG element with rounded corners - only for rectangular shapes
 * @param iPoints  - An array of coordinates in the form [{x: Number, y: Number}, ...]
 * @param bRounded - Bool: is it rounded?
 * @param bClosed  - Bool: is shape closed?
 * @param iCornerRadius - Radius of corner rounding 
 */
    var collection = this;
    var line = [];

    if (iPoints.length < 2) {
        throw new Error("We need at least 2 points to create a line");
    }
    // remove duplicate points
    let aPoints = [];
    aPoints.push (iPoints[0]);
    let lastPoint = iPoints[0];
    for (let i=1; i < iPoints.length; i++){
        if (iPoints[i].x != lastPoint.x || iPoints[i].y != lastPoint.y ) {
            aPoints.push(iPoints[i]);
            lastPoint = iPoints[i];
        }
    }
    if (bRounded) {
        if (bClosed) {
            // append first point at the end to close the path
            aPoints.push(aPoints[0]);
        }

        aPoints.forEach(function (oPt, i, aPts) {
            var bFirstPoint = i === 0;
            var bLastPoint = i === aPts.length - 1;

            if (bFirstPoint) {
                // First point to process? Push first point (open) or start of next rounding (closed) as initial drawing point (M)
                let oMoveToPoint = bClosed
                    ? collection.getPointOnLine(oPt, aPts[i+1], iCornerRadius)
                    : oPt;

                line.push(M(oMoveToPoint.x, oMoveToPoint.y));
                return;
            }

            if (bLastPoint) {
                if (bClosed) {
                    let oPtCurveStart = collection.getPointOnLine(oPt, aPts[i-1], iCornerRadius);
                    let oPtCurveEnd = collection.getPointOnLine(oPt, aPts[1], iCornerRadius);

                    line.push(L(oPtCurveStart.x, oPtCurveStart.y));
                    line.push(Q(
                        oPt.x, oPt.y,
                        oPtCurveEnd.x, oPtCurveEnd.y
                    ));
                    return;
                }

                // not closed
                line.push(L(oPt.x, oPt.y));
                return;
            }

            let oPtCurveStart = collection.getPointOnLine(oPt, aPts[i-1], iCornerRadius);
            let oPtCurveEnd = collection.getPointOnLine(oPt, aPts[i+1], iCornerRadius);

            line.push(L(oPtCurveStart.x, oPtCurveStart.y));
            line.push(Q(
                oPt.x, oPt.y,
                oPtCurveEnd.x, oPtCurveEnd.y
            ));
        });
    } else {
        aPoints.forEach(function (oPt, i) {
            var bFirstPoint = i === 0;
            if (bFirstPoint) {
                line.push(M(oPt.x, oPt.y));
                return;
            }

            line.push(L(oPt.x, oPt.y));
        });
    }


    if (bClosed) {
        line.push(z);
    }

    return line;
};
        collection.getPointOnLine = function getPointOnLine (a, b, offset) {
    // finds a point on the segment between a and b (points) which is at
    // offset distance from a.

    function getPointCoordinates (a, b) {

        let ax, ay, bx, by;

        ay = a.y;
        by = b.y;
        ax = a.x;
        bx = b.x;
        return { ax, ay, bx, by };
    }

    function findPointDistance (a, b) {
        const x1 = a.x;
        const y1 = a.y;
        const x2 = b.x;
        const y2 = b.y;
        return Math.sqrt(Math.pow(x2 - x1, 2) + Math.pow(y2 - y1, 2));
    }

    const {
        ax,
        ay,
        bx,
        by
    } = getPointCoordinates(a, b);

    const R = findPointDistance(a, b);
    // if distance is smaller than double radius, limit to radius (and avoid division by zero as well...)
    const rR = R/2 > offset ? offset/R : 0.5;

    return {
        x : ax + ( bx - ax ) * rR,
        y : ay + ( by - ay ) * rR
    };
};

        ]]>
    </Script>

<!-- Collection of Shapes -->

    <!-- System ( invisible ) -->
      <Shape id="AllDHorVertLine_V2107" displayName="hor. / vert. multi Line" icon="icons/arrowSMultiV.png" system="true">
      <Properties>
          <PropertyGroup name="Line">
              <Property name="ENUMcontrolPoints"  displayName="Control Points" p:disabled="$BOOLstraight.value"
                  p:enumValues="['0|0 (L)', '1|1 (S)', '2|2', '3|3', '4|4', '5|5']"
                  type="Enum">1</Property>              
              <Property name="BOOLAllowStraight"  displayName="Allow straight hor/vert. line"  p:disabled="true" type="Bool">true</Property>
              <Property name="BOOLstraight"  displayName="straight hor/vert. line" p:disabled="!$BOOLAllowStraight.value" type="Bool">false</Property>
              <Property name="BOOLAllowDiagonalEnd" displayName="Allow Diagonal Segment at End"  p:disabled="true" type="Bool">false</Property>
              <Property name="BOOLDiagonalEnd" displayName="Diagonal Segment at End"  p:disabled="!$BOOLAllowDiagonalEnd.value" type="Bool">false</Property>
              <Property name="BOOLstartsHorizontal" p:disabled="false" displayName="Horizontal Start" type="Bool">false</Property>
              <Property name="BOOLlockArrowStyle" p:disabled="true" displayName="Prevent changing arrowhead" type="Bool">false</Property>
              <Property name="ENUMarrowStyleStart"  displayName="Arrow Style Start"
                  p:enumValues="['none|None', 'full|Full', 'open|Open']" p:disabled="$BOOLlockArrowStyle.value"
                  type="Enum">none</Property>
              <Property name="ENUMarrowStyleEnd"  displayName="Arrow Style End" p:disabled="$BOOLlockArrowStyle.value"
                  p:enumValues="['none|None', 'full|Full', 'open|Open']"
                  type="Enum">full</Property>
              <Property name="ENUMalignType"  displayName="Alignment" p:disabled="!$BOOLstraight.value"
                  p:enumValues="['start|Start', 'center|Center', 'end|End', 'control|Control']"
                  type="Enum">center</Property>
              <Property name="HNDLp1" p:connectTo="*" displayName="Begin" type="Handle">0,0</Property>
              <Property name="HNDLp2" p:connectTo="*" displayName="End" type="Handle">50,50</Property>
              <Property name="HNDLc1" displayName="Control 1" 
                  p:disabled="!((!$BOOLstraight.value &amp;&amp; parseInt($ENUMcontrolPoints.value) &gt; 0) || ($BOOLstraight.value &amp;&amp; $ENUMalignType.value == 'control'))"
                  p:minX="collection.calculateHorVertLineAndConstraints($HNDLp1, $HNDLp2, [$HNDLc1, $HNDLc2, $HNDLc3, $HNDLc4, $HNDLc5], $ENUMcontrolPoints.value, $BOOLstartsHorizontal.value, $BOOLstraight.value, $ENUMalignType.value, $BOOLDiagonalEnd.value)[1][0].xmin" 
                  p:maxX="collection.calculateHorVertLineAndConstraints($HNDLp1, $HNDLp2, [$HNDLc1, $HNDLc2, $HNDLc3, $HNDLc4, $HNDLc5], $ENUMcontrolPoints.value, $BOOLstartsHorizontal.value, $BOOLstraight.value, $ENUMalignType.value, $BOOLDiagonalEnd.value)[1][0].xmax" 
                  p:minY="collection.calculateHorVertLineAndConstraints($HNDLp1, $HNDLp2, [$HNDLc1, $HNDLc2, $HNDLc3, $HNDLc4, $HNDLc5], $ENUMcontrolPoints.value, $BOOLstartsHorizontal.value, $BOOLstraight.value, $ENUMalignType.value, $BOOLDiagonalEnd.value)[1][0].ymin" 
                  p:maxY="collection.calculateHorVertLineAndConstraints($HNDLp1, $HNDLp2, [$HNDLc1, $HNDLc2, $HNDLc3, $HNDLc4, $HNDLc5], $ENUMcontrolPoints.value, $BOOLstartsHorizontal.value, $BOOLstraight.value, $ENUMalignType.value, $BOOLDiagonalEnd.value)[1][0].ymax" 
                  type="Handle">15,25</Property>
              <Property name="HNDLc2" displayName="Control 2" 
                  p:disabled="parseInt($ENUMcontrolPoints.value) &lt; 2 || $BOOLstraight.value"
                  p:minX="collection.calculateHorVertLineAndConstraints($HNDLp1, $HNDLp2, [$HNDLc1, $HNDLc2, $HNDLc3, $HNDLc4, $HNDLc5], $ENUMcontrolPoints.value, $BOOLstartsHorizontal.value, $BOOLstraight.value, $ENUMalignType.value, $BOOLDiagonalEnd.value)[1][1].xmin" 
                  p:maxX="collection.calculateHorVertLineAndConstraints($HNDLp1, $HNDLp2, [$HNDLc1, $HNDLc2, $HNDLc3, $HNDLc4, $HNDLc5], $ENUMcontrolPoints.value, $BOOLstartsHorizontal.value, $BOOLstraight.value, $ENUMalignType.value, $BOOLDiagonalEnd.value)[1][1].xmax" 
                  p:minY="collection.calculateHorVertLineAndConstraints($HNDLp1, $HNDLp2, [$HNDLc1, $HNDLc2, $HNDLc3, $HNDLc4, $HNDLc5], $ENUMcontrolPoints.value, $BOOLstartsHorizontal.value, $BOOLstraight.value, $ENUMalignType.value, $BOOLDiagonalEnd.value)[1][1].ymin" 
                  p:maxY="collection.calculateHorVertLineAndConstraints($HNDLp1, $HNDLp2, [$HNDLc1, $HNDLc2, $HNDLc3, $HNDLc4, $HNDLc5], $ENUMcontrolPoints.value, $BOOLstartsHorizontal.value, $BOOLstraight.value, $ENUMalignType.value, $BOOLDiagonalEnd.value)[1][1].ymax" 
                  type="Handle">25,35</Property>
              <Property name="HNDLc3" displayName="Control 3" 
                  p:disabled="parseInt($ENUMcontrolPoints.value) &lt; 3 || $BOOLstraight.value"
                  p:minX="collection.calculateHorVertLineAndConstraints($HNDLp1, $HNDLp2, [$HNDLc1, $HNDLc2, $HNDLc3, $HNDLc4, $HNDLc5], $ENUMcontrolPoints.value, $BOOLstartsHorizontal.value, $BOOLstraight.value, $ENUMalignType.value, $BOOLDiagonalEnd.value)[1][2].xmin" 
                  p:maxX="collection.calculateHorVertLineAndConstraints($HNDLp1, $HNDLp2, [$HNDLc1, $HNDLc2, $HNDLc3, $HNDLc4, $HNDLc5], $ENUMcontrolPoints.value, $BOOLstartsHorizontal.value, $BOOLstraight.value, $ENUMalignType.value, $BOOLDiagonalEnd.value)[1][2].xmax" 
                  p:minY="collection.calculateHorVertLineAndConstraints($HNDLp1, $HNDLp2, [$HNDLc1, $HNDLc2, $HNDLc3, $HNDLc4, $HNDLc5], $ENUMcontrolPoints.value, $BOOLstartsHorizontal.value, $BOOLstraight.value, $ENUMalignType.value, $BOOLDiagonalEnd.value)[1][2].ymin" 
                  p:maxY="collection.calculateHorVertLineAndConstraints($HNDLp1, $HNDLp2, [$HNDLc1, $HNDLc2, $HNDLc3, $HNDLc4, $HNDLc5], $ENUMcontrolPoints.value, $BOOLstartsHorizontal.value, $BOOLstraight.value, $ENUMalignType.value, $BOOLDiagonalEnd.value)[1][2].ymax" 
                  type="Handle">15,15</Property>
              <Property name="HNDLc4" displayName="Control 4" 
                  p:disabled="parseInt($ENUMcontrolPoints.value) &lt; 4 || $BOOLstraight.value"
                  p:minX="collection.calculateHorVertLineAndConstraints($HNDLp1, $HNDLp2, [$HNDLc1, $HNDLc2, $HNDLc3, $HNDLc4, $HNDLc5], $ENUMcontrolPoints.value, $BOOLstartsHorizontal.value, $BOOLstraight.value, $ENUMalignType.value, $BOOLDiagonalEnd.value)[1][3].xmin" 
                  p:maxX="collection.calculateHorVertLineAndConstraints($HNDLp1, $HNDLp2, [$HNDLc1, $HNDLc2, $HNDLc3, $HNDLc4, $HNDLc5], $ENUMcontrolPoints.value, $BOOLstartsHorizontal.value, $BOOLstraight.value, $ENUMalignType.value, $BOOLDiagonalEnd.value)[1][3].xmax" 
                  p:minY="collection.calculateHorVertLineAndConstraints($HNDLp1, $HNDLp2, [$HNDLc1, $HNDLc2, $HNDLc3, $HNDLc4, $HNDLc5], $ENUMcontrolPoints.value, $BOOLstartsHorizontal.value, $BOOLstraight.value, $ENUMalignType.value, $BOOLDiagonalEnd.value)[1][3].ymin" 
                  p:maxY="collection.calculateHorVertLineAndConstraints($HNDLp1, $HNDLp2, [$HNDLc1, $HNDLc2, $HNDLc3, $HNDLc4, $HNDLc5], $ENUMcontrolPoints.value, $BOOLstartsHorizontal.value, $BOOLstraight.value, $ENUMalignType.value, $BOOLDiagonalEnd.value)[1][3].ymax" 
                  type="Handle">60,25</Property>
              <Property name="HNDLc5" displayName="Control 5" 
                  p:disabled="parseInt($ENUMcontrolPoints.value) &lt; 5 || $BOOLstraight.value"
                  p:minX="collection.calculateHorVertLineAndConstraints($HNDLp1, $HNDLp2, [$HNDLc1, $HNDLc2, $HNDLc3, $HNDLc4, $HNDLc5], $ENUMcontrolPoints.value, $BOOLstartsHorizontal.value, $BOOLstraight.value, $ENUMalignType.value, $BOOLDiagonalEnd.value)[1][4].xmin" 
                  p:maxX="collection.calculateHorVertLineAndConstraints($HNDLp1, $HNDLp2, [$HNDLc1, $HNDLc2, $HNDLc3, $HNDLc4, $HNDLc5], $ENUMcontrolPoints.value, $BOOLstartsHorizontal.value, $BOOLstraight.value, $ENUMalignType.value, $BOOLDiagonalEnd.value)[1][4].xmax" 
                  p:minY="collection.calculateHorVertLineAndConstraints($HNDLp1, $HNDLp2, [$HNDLc1, $HNDLc2, $HNDLc3, $HNDLc4, $HNDLc5], $ENUMcontrolPoints.value, $BOOLstartsHorizontal.value, $BOOLstraight.value, $ENUMalignType.value, $BOOLDiagonalEnd.value)[1][4].ymin" 
                  p:maxY="collection.calculateHorVertLineAndConstraints($HNDLp1, $HNDLp2, [$HNDLc1, $HNDLc2, $HNDLc3, $HNDLc4, $HNDLc5], $ENUMcontrolPoints.value, $BOOLstartsHorizontal.value, $BOOLstraight.value, $ENUMalignType.value, $BOOLDiagonalEnd.value)[1][4].ymax" 
                  type="Handle">70,35</Property>
              <Property name="strokeColor" displayName="Line Color" type="Color"><E>$$defaultStrokeColor</E></Property>
              <Property name="strokeStyle" displayName="Line Style" type="StrokeStyle"><E>$$defaultEdgeStrokeStyle</E></Property>
          </PropertyGroup>
          <PropertyGroup name="Text">
              <Property name="HNDLtextPos" p:disabled="$TTXTtextContent.value.length == 0" displayName="Text Position" 
                  p:minX="collection.calculateHorVertControlConstraints2108(collection.calculateHorVertLineAndConstraints($HNDLp1, $HNDLp2, [$HNDLc1, $HNDLc2, $HNDLc3, $HNDLc4, $HNDLc5], $ENUMcontrolPoints.value, $BOOLstartsHorizontal.value, $BOOLstraight.value, $ENUMalignType.value, $BOOLDiagonalEnd.value)[0], 50).xmin" 
                  p:maxX="collection.calculateHorVertControlConstraints2108(collection.calculateHorVertLineAndConstraints($HNDLp1, $HNDLp2, [$HNDLc1, $HNDLc2, $HNDLc3, $HNDLc4, $HNDLc5], $ENUMcontrolPoints.value, $BOOLstartsHorizontal.value, $BOOLstraight.value, $ENUMalignType.value, $BOOLDiagonalEnd.value)[0], 50).xmax" 
                  p:minY="collection.calculateHorVertControlConstraints2108(collection.calculateHorVertLineAndConstraints($HNDLp1, $HNDLp2, [$HNDLc1, $HNDLc2, $HNDLc3, $HNDLc4, $HNDLc5], $ENUMcontrolPoints.value, $BOOLstartsHorizontal.value, $BOOLstraight.value, $ENUMalignType.value, $BOOLDiagonalEnd.value)[0], 50).ymin" 
                  p:maxY="collection.calculateHorVertControlConstraints2108(collection.calculateHorVertLineAndConstraints($HNDLp1, $HNDLp2, [$HNDLc1, $HNDLc2, $HNDLc3, $HNDLc4, $HNDLc5], $ENUMcontrolPoints.value, $BOOLstartsHorizontal.value, $BOOLstraight.value, $ENUMalignType.value, $BOOLDiagonalEnd.value)[0], 50).ymax" 
                  type="Handle">40,25</Property>
              <Property name="TTXTtextContent" displayName="Content"
                p:editInfo="var targetBox = F.getObjectBoundingBox('text'); var sizeBox = F.textSize('text'); var newBox = new Bound(targetBox.x, targetBox.y + ((sizeBox.h / 2) - 10), Math.sqrt((sizeBox.w * sizeBox.w) + (sizeBox.h * sizeBox.h)) + 10 , 20); ({targetName: 'text', bound: newBox , font: $textFont, align: $ALGNtextAlignment, multi: true})"
                type="PlainText" />
              <Property name="textColor" displayName="Text Color" type="Color"><E>$$defaultTextColor</E></Property>
              <Property name="textFont" displayName="Font" type="Font"><E>$$defaultTextFont</E></Property>
              <Property name="ALGNtextAlignment" displayName="Text Alignment" type="Alignment">0,1</Property>
          </PropertyGroup>
      </Properties>
      <Behaviors>
        <For ref="line">
          <D><![CDATA[
            const aPoints = collection.calculateHorVertLineAndConstraints($HNDLp1, $HNDLp2, [$HNDLc1, $HNDLc2, $HNDLc3, $HNDLc4, $HNDLc5], $ENUMcontrolPoints.value, $BOOLstartsHorizontal.value, $BOOLstraight.value, $ENUMalignType.value, $BOOLDiagonalEnd.value);
            const line = collection.createSVGLineThroughPoints(aPoints[0], true /*bRounded*/, false /*bClosed*/);
            line;
            ]]>
          </D>

            <StrokeColor>$strokeColor</StrokeColor>
            <StrokeStyle>$strokeStyle</StrokeStyle>
        </For>
        <For ref="lineGrip">
          <D><![CDATA[
            const aPoints = collection.calculateHorVertLineAndConstraints($HNDLp1, $HNDLp2, [$HNDLc1, $HNDLc2, $HNDLc3, $HNDLc4, $HNDLc5], $ENUMcontrolPoints.value, $BOOLstartsHorizontal.value, $BOOLstraight.value, $ENUMalignType.value, $BOOLDiagonalEnd.value);
            const line = collection.createSVGLineThroughPoints(aPoints[0], true /*bRounded*/, false /*bClosed*/);
            line;
            ]]>
          </D>
        </For>
        <For ref="ArrowStartPath">
          <Fill><![CDATA[
            var arrowHeadFill = collection.arrowheadDetermineFill($ENUMarrowStyleStart.value, $strokeColor);
            arrowHeadFill;
          ]]></Fill>
          <StrokeColor>$strokeColor</StrokeColor>
          <D><![CDATA[
              var arrowHead = collection.arrowheadCreateSVG($ENUMarrowStyleStart.value);
              arrowHead;
          ]]></D>
          <Transform>[translate(1, 0), scale((parseFloat($strokeStyle.w)+2)/4, (parseFloat($strokeStyle.w)+2)/4)]</Transform>
          <Visibility>$ENUMarrowStyleStart.value != 'none'</Visibility>
        </For>
        <For ref="ArrowEndPath">
            <Fill><![CDATA[
              var arrowHeadFill = collection.arrowheadDetermineFill($ENUMarrowStyleEnd.value, $strokeColor);
              arrowHeadFill;
            ]]></Fill>
            <StrokeColor>$strokeColor</StrokeColor>
            <D><![CDATA[
              var arrowHead = collection.arrowheadCreateSVG($ENUMarrowStyleEnd.value);
              arrowHead;
            ]]></D>
            <Transform>[rotate(180), translate(1, 0), scale((parseFloat($strokeStyle.w)+2)/4, (parseFloat($strokeStyle.w)+2)/4)]</Transform>
            <Visibility>$ENUMarrowStyleEnd.value != 'none'</Visibility>
        </For>


        <For ref="text">
            <DomContent>F.buildTextWrapDomContent(F._target, $TTXTtextContent.value, 300, $ALGNtextAlignment)</DomContent>
            <Font>$textFont</Font>
            <Color>$textColor</Color>
            <Transform>[translate(parseFloat($HNDLtextPos.x) - $ALGNtextAlignment.h * 150, $HNDLtextPos.y)]</Transform>
        </For>
      </Behaviors>
      <Actions>
      </Actions>
      <p:Content xmlns:p="http://www.evolus.vn/Namespace/Pencil"
                 xmlns:sodipodi="http://sodipodi.sourceforge.net/DTD/sodipodi-0.dtd"
                 xmlns="http://www.w3.org/2000/svg">
          <defs>
              <marker
                 id="ArrowEnd"
                 orient="auto"
                 refY="0.0"
                 refX="0.0"
                 style="overflow:visible;"
                 markerUnits="userSpaceOnUse">

                 <path
                    id="ArrowEndPath"
                    style="fill-rule:evenodd;stroke-width:0.9;stroke-linejoin:round;stroke:#000000;stroke-opacity:1;fill:#000000;fill-opacity:1"
                    />
              </marker>
              <marker
                 id="ArrowStart"
                 orient="auto"
                 refY="0.0"
                 refX="0.0"
                 style="overflow:visible;"
                 markerUnits="userSpaceOnUse">

                 <path
                    id="ArrowStartPath"
                    style="fill-rule:evenodd;stroke-width:0.9;stroke-linejoin:round;stroke:#000000;stroke-opacity:1;fill:#000000;fill-opacity:1"
                    />
              </marker>

           </defs>

          <path
             id="line"
             style="stroke-linejoin: round; "
             fill="none"
             marker-start = "url(#ArrowStart)"
             marker-end   = "url(#ArrowEnd)"
              />

          <path id="lineGrip" fill="none" style="stroke: rgba(0, 0, 0, 0); stroke-width: 10px;"/>

          <text id="text" xml:space="preserve"  />

      </p:Content>
  </Shape>

      <Shape id="AllDRoundedRectangle_V002" displayName="Rounded Rectangle" icon="icons/storage.png" system="true">
    <Properties>
        <PropertyGroup name="Shape">
            <Property name="box" type="Dimension">150,50</Property>
            <Property name="BOOLallowRoundedCorners" p:disabled="true" 
                displayName="AllowRoundedCorners" type="Bool">true</Property>
            <Property name="BOOLhasRoundedCorners" p:disabled="$BOOLallowRoundedCorners.value === false" 
                displayName="Rounded Corners" type="Bool">true</Property>
            <Property name="BOOLallowMultiple" p:disabled="true" 
                displayName="AllowMultiple" type="Bool">false</Property>
            <Property name="BOOLisMultiple" p:disabled="$BOOLallowMultiple.value === false" 
                displayName="Multiple" type="Bool">false</Property>
            <Property name="HNDLcornerRadius" p:disabled="$BOOLhasRoundedCorners.value === false" 
                p:minX="10" p:maxX="50" p:lockY="true" p:noScale="true"
                displayName="Corner Radius" type="Handle"><E>$$defaultCornerRadius + ",0"</E></Property>
            <Property name="fillColor" displayName="Background Color" type="Color"><E>$$defaultBackgroundColor</E></Property>
            <Property name="strokeColor" displayName="Line Color" type="Color"><E>$$defaultStrokeColor</E></Property>
            <Property name="strokeStyle" displayName="Line Style" type="StrokeStyle"><E>$$defaultNodeStrokeStyle</E></Property>
        </PropertyGroup>
        <PropertyGroup name="Text">
            <Property name="TTXTlabel" displayName="Label" p:editInfo="({targetName: 'text', bound: Bound.fromBox($box), font: $textFont, align: $ALGNtextAlignment, multi: true})" type="PlainText" />
            <Property name="textColor" displayName="Text Color" type="Color"><E>$$defaultTextColor</E></Property>
            <Property name="textFont" displayName="Font" type="Font"><E>$$defaultTextFont</E></Property>
            <Property name="ALGNtextAlignment" displayName="Text Alignment" type="Alignment">1,1</Property>
        </PropertyGroup>
    </Properties>
    <Behaviors>
        <For ref="rect">
            <Box>$box</Box>
            <Fill>$fillColor</Fill>
            <StrokeColor>$strokeColor</StrokeColor>
            <StrokeStyle>$strokeStyle</StrokeStyle>
            <Radius>
                <Arg>$BOOLhasRoundedCorners.value ? $HNDLcornerRadius.x : 0</Arg>
                <Arg>$BOOLhasRoundedCorners.value ? $HNDLcornerRadius.x : 0</Arg>
            </Radius>
        </For>
        <For ref="rectMultiple">
            <Box>$box</Box>
            <Fill>$fillColor</Fill>
            <StrokeColor>$strokeColor</StrokeColor>
            <StrokeStyle>$strokeStyle</StrokeStyle>
            <Radius>
                <Arg>$BOOLhasRoundedCorners.value ? $HNDLcornerRadius.x : 0</Arg>
                <Arg>$BOOLhasRoundedCorners.value ? $HNDLcornerRadius.x : 0</Arg>
            </Radius>
            <Transform>[translate(8, -8)]</Transform>
            <Visibility>$BOOLisMultiple</Visibility>
        </For>
        <For ref="text">
            <DomContent>F.buildTextWrapDomContent(F._target, $TTXTlabel.value, $box.w - $textFont.getPixelHeight(), $ALGNtextAlignment)</DomContent>
            <Font>$textFont</Font>
            <Fill>$textColor</Fill>
            <BoxFit>
                <Arg>new Bound(5, 5, $box.w - 10, $box.h - 10)</Arg>
                <Arg>$ALGNtextAlignment</Arg>
            </BoxFit>
        </For>

    </Behaviors>
    <Actions>
        <Action id="getConnectorOutlets">
            <Impl>
                <![CDATA[
                  var box = this.getProperty("box");
                  return [
                    new Outlet("top-left", "Bounding", box.w / 4, 0),
                    new Outlet("top-center", "Bounding", box.w / 2, 0),
                    new Outlet("top-right", "Bounding", 3 * box.w / 4, 0),
                    new Outlet("left-top", "Bounding", 0, box.h / 4),
                    new Outlet("left-center", "Bounding", 0, box.h / 2),
                    new Outlet("left-bottom", "Bounding", 0, 3 * box.h / 4),
                    new Outlet("bottom-left", "Bounding",  box.w / 4, box.h),
                    new Outlet("bottom-center", "Bounding", box.w / 2, box.h),
                    new Outlet("bottom-right", "Bounding", 3 * box.w / 4, box.h),
                    new Outlet("right-top", "Bounding", box.w, box.h / 4),
                    new Outlet("right-center", "Bounding", box.w, box.h / 2),
                    new Outlet("right-bottom", "Bounding", box.w, 3 * box.h / 4)
                ]
                ]]>
            </Impl>
        </Action>
    </Actions>
    <p:Content xmlns:p="http://www.evolus.vn/Namespace/Pencil"
               xmlns:sodipodi="http://sodipodi.sourceforge.net/DTD/sodipodi-0.dtd"
               xmlns="http://www.w3.org/2000/svg">
        <rect id="rectMultiple" x="0" y="0" />
        <rect id="rect" x="0" y="0" />
        <text id="text" text-anchor="start" xml:space="preserve" />
    </p:Content>
</Shape>


    <!-- Active ( visible ) -->
      <Shortcut displayName="State" icon="icons/state.png" to="AllDRoundedRectangle_V002">
  <PropertyValue name="box">100,50</PropertyValue>
  <PropertyValue name="BOOLallowRoundedCorners">false</PropertyValue>
  <PropertyValue name="BOOLhasRoundedCorners">true</PropertyValue>
  <PropertyValue name="HNDLcornerRadius">8,0</PropertyValue>
</Shortcut>

      <Shortcut displayName="vert. Transition" icon="icons/arrowV.png" to="AllDHorVertLine_V2107">
    <PropertyValue name="BOOLstartsHorizontal">false</PropertyValue>
    <PropertyValue name="BOOLAllowDiagonalEnd">false</PropertyValue>
    <PropertyValue name="BOOLDiagonalEnd">false</PropertyValue>
    <PropertyValue name="ENUMarrowStyleStart">none</PropertyValue>
    <PropertyValue name="ENUMarrowStyleEnd">full</PropertyValue>
    <PropertyValue name="ENUMcontrolPoints">0</PropertyValue>
    <PropertyValue name="BOOLstraight">true</PropertyValue>
    <PropertyValue name="ENUMalignType">control</PropertyValue>
    <PropertyValue name="HNDLp1">0,0</PropertyValue>
    <PropertyValue name="HNDLp2">0,50</PropertyValue>
    <PropertyValue name="HNDLc1">0,25</PropertyValue>
    <PropertyValue name="HNDLtextPos">5,25</PropertyValue>
</Shortcut>
      <Shortcut displayName="Z vert. Transition " icon="icons/arrowVMulti.png" to="AllDHorVertLine_V2107">
    <PropertyValue name="BOOLstartsHorizontal">true</PropertyValue>
    <PropertyValue name="BOOLAllowDiagonalEnd">false</PropertyValue>
    <PropertyValue name="BOOLDiagonalEnd">false</PropertyValue>
    <PropertyValue name="ENUMarrowStyleStart">none</PropertyValue>
    <PropertyValue name="ENUMarrowStyleEnd">full</PropertyValue>
    <PropertyValue name="ENUMcontrolPoints">1</PropertyValue>
    <PropertyValue name="BOOLstraight">false</PropertyValue>
    <PropertyValue name="ENUMalignType">control</PropertyValue>
    <PropertyValue name="HNDLp1">0,0</PropertyValue>
    <PropertyValue name="HNDLp2">30,50</PropertyValue>
    <PropertyValue name="HNDLc1">15,25</PropertyValue>
    <PropertyValue name="HNDLtextPos">20,25</PropertyValue>
</Shortcut>
      <Shortcut displayName="hor. Transition" icon="icons/arrowH.png" to="AllDHorVertLine_V2107">
    <PropertyValue name="BOOLstartsHorizontal">true</PropertyValue>
    <PropertyValue name="BOOLAllowDiagonalEnd">false</PropertyValue>
    <PropertyValue name="BOOLDiagonalEnd">false</PropertyValue>
    <PropertyValue name="ENUMarrowStyleStart">none</PropertyValue>
    <PropertyValue name="ENUMarrowStyleEnd">full</PropertyValue>
    <PropertyValue name="ENUMcontrolPoints">0</PropertyValue>
    <PropertyValue name="BOOLstraight">true</PropertyValue>
    <PropertyValue name="ENUMalignType">control</PropertyValue>
    <PropertyValue name="HNDLp1">0,0</PropertyValue>
    <PropertyValue name="HNDLp2">50,0</PropertyValue>
    <PropertyValue name="HNDLc1">25,0</PropertyValue>
    <PropertyValue name="HNDLtextPos">25,-5</PropertyValue>
    <PropertyValue name="ALGNtextAlignment">1,1</PropertyValue>
</Shortcut>
      <Shortcut displayName="N hor. Transition" icon="icons/arrowHMulti.png" to="AllDHorVertLine_V2107">
    <PropertyValue name="BOOLstartsHorizontal">false</PropertyValue>
    <PropertyValue name="BOOLAllowDiagonalEnd">false</PropertyValue>
    <PropertyValue name="BOOLDiagonalEnd">false</PropertyValue>
    <PropertyValue name="ENUMarrowStyleStart">none</PropertyValue>
    <PropertyValue name="ENUMarrowStyleEnd">full</PropertyValue>
    <PropertyValue name="ENUMcontrolPoints">1</PropertyValue>
    <PropertyValue name="BOOLstraight">false</PropertyValue>
    <PropertyValue name="ENUMalignType">control</PropertyValue>
    <PropertyValue name="HNDLp1">0,0</PropertyValue>
    <PropertyValue name="HNDLp2">50,30</PropertyValue>
    <PropertyValue name="HNDLc1">25,15</PropertyValue>
    <PropertyValue name="HNDLtextPos">25,10</PropertyValue>
    <PropertyValue name="ALGNtextAlignment">1,1</PropertyValue>
</Shortcut>

      <Shape id="SDStartState_V002" displayName="Start State" icon="icons/start-of-activity.png">
    <Properties>
        <PropertyGroup name="Properties">
            <Property name="box" p:disabled="true" type="Dimension">20,20</Property>
            <Property name="strokeColor" displayName="Line Color" type="Color"><E>$$defaultStrokeColor</E></Property>
            <Property name="strokeStyle" displayName="Line Style" type="StrokeStyle"><E>$$defaultNodeStrokeStyle</E></Property>
        </PropertyGroup>
    </Properties>
    <Actions>
        <Action id="getConnectorOutlets">
            <Impl>
                <![CDATA[
                var box = this.getProperty("box");
                return [
                    new Outlet("top-center", "Bounding", box.w/2, 0),
                    new Outlet("right-center", "Bounding", box.w, box.h/2),
                    new Outlet("bottom-center", "Bounding", box.w/2, box.h),
                    new Outlet("left-center", "Bounding", 0, box.h/2)
                ];
                ]]>
            </Impl>
        </Action>
    </Actions>
    <Behaviors>
        <For ref="outCircle">
            <Attr>
                <Arg>"cx"</Arg>
                <Arg>$box.w/2</Arg>
            </Attr>
            <Attr>
                <Arg>"cy"</Arg>
                <Arg>$box.h/2</Arg>
            </Attr>
            <StrokeColor>$strokeColor</StrokeColor>
            <StrokeStyle>$strokeStyle</StrokeStyle>
        </For>
    </Behaviors>
    <p:Content xmlns:p="http://www.evolus.vn/Namespace/Pencil"
               xmlns="http://www.w3.org/2000/svg">

        <circle
           id="outCircle"
           style="color:#000000"
           r="10" />

    </p:Content>
</Shape>

      <Shape id="SDEndState_V002" displayName="End State" icon="icons/end-of-activity.png">
    <Properties>
        <PropertyGroup name="Properties">
            <Property name="box" p:disabled="true" type="Dimension">30,30</Property>
            <Property name="strokeColor" displayName="Line Color" type="Color"><E>$$defaultStrokeColor</E></Property>
            <Property name="strokeStyle" displayName="Line Style" type="StrokeStyle"><E>$$defaultNodeStrokeStyle</E></Property>
        </PropertyGroup>
    </Properties>
    <Actions>
        <Action id="getConnectorOutlets">
            <Impl>
                <![CDATA[
                var box = this.getProperty("box");
                return [
                    new Outlet("top-center", "Bounding", box.w/2, 0),
                    new Outlet("right-center", "Bounding", box.w, box.h/2),
                    new Outlet("bottom-center", "Bounding", box.w/2, box.h),
                    new Outlet("left-center", "Bounding", 0, box.h/2)
                ];
                ]]>
            </Impl>
        </Action>
    </Actions>
    <Behaviors>
        <For ref="outCircle">
            <Attr>
                <Arg>"cx"</Arg>
                <Arg>$box.w/2</Arg>
            </Attr>
            <Attr>
                <Arg>"cy"</Arg>
                <Arg>$box.h/2</Arg>
            </Attr>
            <Radius>
                <Arg>$box.w</Arg>
                <Arg>$box.h</Arg>
            </Radius>
            <Fill>
              Color.fromString("#ffffffff");
            </Fill>
            <StrokeColor>$strokeColor</StrokeColor>
            <StrokeStyle>$strokeStyle</StrokeStyle>
        </For>
        <For ref="inCircle">
            <Attr>
                <Arg>"cx"</Arg>
                <Arg>$box.w/2</Arg>
            </Attr>
            <Attr>
                <Arg>"cy"</Arg>
                <Arg>$box.h/2</Arg>
            </Attr>
            <StrokeStyle>StrokeStyle.fromString("0|")</StrokeStyle>
            <StrokeColor>$strokeColor</StrokeColor>
        </For>
    </Behaviors>
    <p:Content xmlns:p="http://www.evolus.vn/Namespace/Pencil"
               xmlns="http://www.w3.org/2000/svg">

        <circle
           id="outCircle"
           r="15" />

        <circle
           id="inCircle"
           style="color:#000000"
           r="8" />

    </p:Content>
</Shape>

    

    <!-- old versions to keep compatibility ( invisible ) -->
</Shapes>
